date,brand,as_of_date_utc,video_mentions,views,likes,comments,top_channels
2025-08-28,bibigo,2025-09-03,0,0,0,0,
2025-09-05,samyang,2025-09-08,72,295105,7147,92,Nindi Choi Channel ;Elfie Studios;Tafakoer
2025-09-05,pulmuone,2025-09-08,1,361,6,0,í‘¸ë“œìŠ¤íƒ€ì¼ë¦¬ìŠ¤íŠ¸ê¹€ìœ¤ì • _ ê·¸ë¦°í…Œì´ë¸”
2025-09-05,nongshim,2025-09-08,14,6770,78,13,Go Inside;Loleventvods - LoL Esports: VODs & Montages;ë†ì‹¬ nongshim
2025-09-05,jin ramen,2025-09-08,5,10244,535,11,â™‰ï¸jen;á´‡ÊŸÊŸá´‡ êœ±á´›á´œá´…Éªá´;Papa's Food Log
2025-09-05,chum churum,2025-09-08,1,176,1,0,Chum Churum Official
2025-09-05,buldak,2025-09-08,200,2581911,81541,1859,Kim&Liz Too;ë²„ë“¤Buddle;The ASMR Bro
2025-09-05,bibigo,2025-09-08,5,45335,2496,33,Bretman and Friends;Tela Tv;í—¬ì°½ì˜ ëƒ‰ë™ì°½ê³ 
2025-09-04,shin ramyun,2025-09-08,14,434522,1630,260,ì¹˜ì¹´í™€ë¦­;esyfilms;Yenster's Korean Eats
2025-09-04,shin ramen,2025-09-08,7,357051,113,14,Immy;Home recipes and eating ;stevoeats
2025-09-04,samyang,2025-09-08,80,561440,8619,167,Mak mpom;Tina Mini Cooking;Nindi Choi Channel 
2025-09-04,pulmuone,2025-09-08,0,0,0,0,
2025-09-04,nongshim,2025-09-08,9,358606,100,31,Go Inside;Immy;Fa
2025-09-05,shin ramen,2025-09-08,6,3904,62,3,Home recipes and eating ;Cute Dog Kiki In New York;Greg Paul
2025-09-04,jin ramen,2025-09-08,2,6780,52,1,ë§¥ìŠ¤í‘¸ë“œMAXFOOD;Papa's Food Log
2025-09-04,buldak,2025-09-08,189,1540050,36977,764,ë¬¸ë³µí¬ Eat with Boki;aimschia;Donai mukbang
2025-09-04,bibigo,2025-09-08,3,2935,23,0,Tasty Realm;bibigo Vietnam;BapTable
2025-09-03,shin ramyun,2025-09-08,7,8878,119,4,Supermercado Otugui;shaonika saha;agrawal 
2025-09-03,shin ramen,2025-09-08,7,67784,3281,63,irene kim ê¹€ì˜ˆë¦°;wannabechefmatt;Delta
2025-09-03,samyang,2025-09-08,87,536497,8451,218,BÃ© LÃ  Shima;KelvanH;Lilian Grimmxandraã€AKA Virtualã€‘
2025-09-03,pulmuone,2025-09-08,1,918,9,1,Andy Shen
2025-09-03,nongshim,2025-09-08,18,32179,680,10,Loleventvods - LoL Esports: VODs & Montages;NS RedForce;BusyGamersOfficial
2025-09-03,jin ramen,2025-09-08,3,7529,112,8,Foodtrip rangerTV;Cath Official Vlog;Korean Ahjussi
2025-09-03,chum churum,2025-09-08,0,0,0,0,
2025-09-03,buldak,2025-09-08,230,1914774,52198,2391,Kim&Liz ASMR;HONG SOUND;Alivia Donai 
2025-09-03,bibigo,2025-09-08,5,29746,275,15,"Mystery Maven;ëšì‚¬ë§ˆì˜ í”¼ìë†€ì´ ddooksama ãƒ”ã‚¶éŠã³ Ehi, la pizza.;Cabreranali"
2025-09-02,shin ramyun,2025-09-08,0,0,0,0,
2025-09-04,chum churum,2025-09-08,0,0,0,0,
2025-09-05,shin ramyun,2025-09-08,9,107739,924,23,ì¸ì‹¸ìš”ì •;Rachel Jhan;Roman Roman
2025-09-06,bibigo,2025-09-08,1,34,0,0,BapTable
2025-09-06,buldak,2025-09-08,236,1156037,34019,814,Joseph Anthonii;HelloBaddieSanrio;Ğ£ ĞœĞ°ĞºÑĞ°
2025-09-08,shin ramyun,2025-09-08,12,8798,72,2,BrightHema;Nongshim Global;Bite Me
2025-09-08,shin ramen,2025-09-08,6,6350,250,3,Randy food;Bite Me;everydaychaos
2025-09-08,samyang,2025-09-08,71,127147,3403,139,N.E Let's Eat;Davina dan Zizi;Hoa-ASMR
2025-09-08,pulmuone,2025-09-08,1,7639,405,10,N.E Let's Eat
2025-09-08,nongshim,2025-09-08,12,13129,249,34,Ğ£ ĞœĞ°ĞºÑĞ°;ë‹¬ë ¤ë¼ ë²„ìŠ¤ Dalida Bus;BusyGamersOfficial
2025-09-08,jin ramen,2025-09-08,4,3234,26,2,DumDum;Janzyyasmr;K-Ramen Shorts
2025-09-08,chum churum,2025-09-08,0,0,0,0,
2025-09-08,buldak,2025-09-08,196,439900,11385,513,N.E Let's Eat;Ğ£ ĞœĞ°ĞºÑĞ°;LovelyMimi
2025-09-08,bibigo,2025-09-08,3,1635,0,0,Augsky_Saturn;BapTable;ChewsForViews
2025-09-07,shin ramyun,2025-09-08,16,67845,450,58,Hari Karuna Rai;ì¹˜ì¹´í™€ë¦­;Bake it Simple
2025-09-07,shin ramen,2025-09-08,9,23553,261,20,Ishinoshi;Bubblelina's Adventures!;Feureau's Laboratory
2025-09-07,samyang,2025-09-08,93,546483,31840,439,Gaby Jovita;Jon Cit;Tina Mini Cooking
2025-09-07,pulmuone,2025-09-08,0,0,0,0,
2025-09-07,nongshim,2025-09-08,9,161455,3676,220,Caedrel;Jon Cit;Loleventvods - LoL Esports: VODs & Montages
2025-09-07,jin ramen,2025-09-08,2,2071,43,3,nene1204;Easy Peasy K-food
2025-09-07,chum churum,2025-09-08,0,0,0,0,
2025-09-07,buldak,2025-09-08,220,1337057,44939,814,Tina Mini Cooking;Stoney Choi;aimschia
2025-09-07,bibigo,2025-09-08,1,15,0,0,bibigo Vietnam
2025-09-06,shin ramyun,2025-09-08,12,63317,1257,61,T & Lee T.V.;FastFoodGuy;Sheffy
2025-09-06,shin ramen,2025-09-08,6,58393,1193,46,Yangpoonee ì–‘í‘¼ì´;FastFoodGuy;ğ“‘ğ“¡ğ“”ğ“ğ““ğ“ ğ“›ğ“ğ“¥ğ“”
2025-09-06,samyang,2025-09-08,79,509433,25511,259,Stera Video;Ini Cia;Tina Mini Cooking
2025-09-06,pulmuone,2025-09-08,1,2,0,0,Yumding ìœ°ë”©
2025-09-06,nongshim,2025-09-08,12,6392,194,32,T & Lee T.V.;Go Inside;BusyGamersOfficial
2025-09-06,jin ramen,2025-09-08,6,52218,771,41,í•œì‹í´ë¼ì“°;Annyka;taekenbysurprise
2025-09-06,chum churum,2025-09-08,0,0,0,0,
2025-09-02,shin ramen,2025-09-08,0,0,0,0,
2025-09-02,samyang,2025-09-08,0,0,0,0,
2025-09-02,pulmuone,2025-09-08,0,0,0,0,
2025-09-02,nongshim,2025-09-08,0,0,0,0,
2025-09-04,shin ramyun,2025-09-07,14,434405,1630,260,ì¹˜ì¹´í™€ë¦­;esyfilms;Yenster's Korean Eats
2025-09-04,shin ramen,2025-09-07,7,356929,112,14,Immy;Home recipes and eating ;stevoeats
2025-09-04,samyang,2025-09-07,80,561871,8615,167,Mak mpom;Tina Mini Cooking;Nindi Choi Channel 
2025-09-04,pulmuone,2025-09-07,0,0,0,0,
2025-09-04,nongshim,2025-09-07,9,358501,100,31,Go Inside;Immy;Fa
2025-09-04,jin ramen,2025-09-07,2,6780,52,1,ë§¥ìŠ¤í‘¸ë“œMAXFOOD;Papa's Food Log
2025-09-04,chum churum,2025-09-07,0,0,0,0,
2025-09-04,buldak,2025-09-07,189,1540168,36968,764,ë¬¸ë³µí¬ Eat with Boki;aimschia;Donai mukbang
2025-09-04,bibigo,2025-09-07,3,2935,23,0,Tasty Realm;bibigo Vietnam;BapTable
2025-09-03,shin ramyun,2025-09-07,7,8878,119,4,Supermercado Otugui;shaonika saha;agrawal 
2025-09-03,shin ramen,2025-09-07,7,67775,3281,63,irene kim ê¹€ì˜ˆë¦°;wannabechefmatt;Delta
2025-09-03,samyang,2025-09-07,87,536470,8449,218,BÃ© LÃ  Shima;KelvanH;Lilian Grimmxandraã€AKA Virtualã€‘
2025-09-03,pulmuone,2025-09-07,1,918,9,1,Andy Shen
2025-09-03,nongshim,2025-09-07,18,32178,680,10,Loleventvods - LoL Esports: VODs & Montages;NS RedForce;BusyGamersOfficial
2025-09-03,jin ramen,2025-09-07,3,7529,112,8,Foodtrip rangerTV;Cath Official Vlog;Korean Ahjussi
2025-09-03,chum churum,2025-09-07,0,0,0,0,
2025-09-03,buldak,2025-09-07,230,1914021,52192,2391,Kim&Liz ASMR;HONG SOUND;Alivia Donai 
2025-09-03,bibigo,2025-09-07,5,29746,275,15,"Mystery Maven;ëšì‚¬ë§ˆì˜ í”¼ìë†€ì´ ddooksama ãƒ”ã‚¶éŠã³ Ehi, la pizza.;Cabreranali"
2025-09-02,shin ramyun,2025-09-07,0,0,0,0,
2025-09-02,shin ramen,2025-09-07,0,0,0,0,
2025-09-02,samyang,2025-09-07,0,0,0,0,
2025-09-02,pulmuone,2025-09-07,0,0,0,0,
2025-09-02,nongshim,2025-09-07,0,0,0,0,
2025-09-02,jin ramen,2025-09-07,0,0,0,0,
2025-09-02,chum churum,2025-09-07,0,0,0,0,
2025-09-02,buldak,2025-09-07,0,0,0,0,
2025-09-02,bibigo,2025-09-07,0,0,0,0,
2025-09-05,bibigo,2025-09-07,5,45307,2496,33,Bretman and Friends;Tela Tv;í—¬ì°½ì˜ ëƒ‰ë™ì°½ê³ 
2025-09-03,chum churum,2025-09-09,0,0,0,0,
2025-09-05,buldak,2025-09-07,200,2580166,81510,1859,Kim&Liz Too;ë²„ë“¤Buddle;The ASMR Bro
2025-09-05,jin ramen,2025-09-07,5,10231,533,11,â™‰ï¸jen;á´‡ÊŸÊŸá´‡ êœ±á´›á´œá´…Éªá´;Papa's Food Log
2025-09-02,jin ramen,2025-09-08,0,0,0,0,
2025-09-02,chum churum,2025-09-08,0,0,0,0,
2025-09-02,buldak,2025-09-08,0,0,0,0,
2025-09-02,bibigo,2025-09-08,0,0,0,0,
2025-09-07,shin ramyun,2025-09-07,16,67721,450,58,Hari Karuna Rai;ì¹˜ì¹´í™€ë¦­;Bake it Simple
2025-09-07,shin ramen,2025-09-07,9,23528,261,20,Ishinoshi;Bubblelina's Adventures!;Feureau's Laboratory
2025-09-07,samyang,2025-09-07,93,546328,31833,439,Gaby Jovita;Jon Cit;Tina Mini Cooking
2025-09-07,pulmuone,2025-09-07,0,0,0,0,
2025-09-07,nongshim,2025-09-07,9,161214,3674,220,Caedrel;Jon Cit;Loleventvods - LoL Esports: VODs & Montages
2025-09-07,jin ramen,2025-09-07,2,2071,43,3,nene1204;Easy Peasy K-food
2025-09-07,chum churum,2025-09-07,0,0,0,0,
2025-09-07,buldak,2025-09-07,220,1334825,44898,813,Tina Mini Cooking;Stoney Choi;aimschia
2025-09-07,bibigo,2025-09-07,1,14,0,0,bibigo Vietnam
2025-09-06,shin ramyun,2025-09-07,12,63271,1257,61,T & Lee T.V.;FastFoodGuy;Sheffy
2025-09-06,shin ramen,2025-09-07,6,58379,1193,46,Yangpoonee ì–‘í‘¼ì´;FastFoodGuy;ğ“‘ğ“¡ğ“”ğ“ğ““ğ“ ğ“›ğ“ğ“¥ğ“”
2025-09-06,samyang,2025-09-07,79,509206,25507,259,Stera Video;Ini Cia;Tina Mini Cooking
2025-09-06,pulmuone,2025-09-07,1,2,0,0,Yumding ìœ°ë”©
2025-09-06,nongshim,2025-09-07,12,6392,194,32,T & Lee T.V.;Go Inside;BusyGamersOfficial
2025-09-06,jin ramen,2025-09-07,6,52269,770,41,í•œì‹í´ë¼ì“°;Annyka;taekenbysurprise
2025-09-06,chum churum,2025-09-07,0,0,0,0,
2025-09-06,buldak,2025-09-07,236,1155465,34007,811,Joseph Anthonii;HelloBaddieSanrio;Ğ£ ĞœĞ°ĞºÑĞ°
2025-09-06,bibigo,2025-09-07,1,34,0,0,BapTable
2025-09-05,shin ramyun,2025-09-07,9,107722,923,23,ì¸ì‹¸ìš”ì •;Rachel Jhan;Roman Roman
2025-09-05,shin ramen,2025-09-07,6,3882,62,3,Home recipes and eating ;Cute Dog Kiki In New York;Greg Paul
2025-09-05,samyang,2025-09-07,72,295147,7150,92,Nindi Choi Channel ;Elfie Studios;Tafakoer
2025-09-05,pulmuone,2025-09-07,1,361,6,0,í‘¸ë“œìŠ¤íƒ€ì¼ë¦¬ìŠ¤íŠ¸ê¹€ìœ¤ì • _ ê·¸ë¦°í…Œì´ë¸”
2025-09-05,nongshim,2025-09-07,14,6770,78,13,Go Inside;Loleventvods - LoL Esports: VODs & Montages;ë†ì‹¬ nongshim
2025-09-05,chum churum,2025-09-07,1,176,1,0,Chum Churum Official
2025-09-01,shin ramyun,2025-09-07,0,0,0,0,
2025-09-03,pulmuone,2025-09-09,1,919,9,1,Andy Shen
2025-09-07,nongshim,2025-09-10,9,210207,4063,215,Caedrel;Jon Cit;Loleventvods - LoL Esports: VODs & Montages
2025-09-07,jin ramen,2025-09-10,2,2281,64,5,nene1204;Easy Peasy K-food
2025-09-07,chum churum,2025-09-10,0,0,0,0,
2025-09-07,buldak,2025-09-10,220,2370424,71841,1160,Tina Mini Cooking;Stoney Choi;aimschia
2025-09-07,bibigo,2025-09-10,1,21,0,0,bibigo Vietnam
2025-09-06,shin ramyun,2025-09-10,12,78716,1614,70,T & Lee T.V.;FastFoodGuy;Sheffy
2025-09-06,shin ramen,2025-09-10,6,67547,1298,50,Yangpoonee ì–‘í‘¼ì´;FastFoodGuy;ğ“‘ğ“¡ğ“”ğ“ğ““ğ“ ğ“›ğ“ğ“¥ğ“”
2025-09-06,samyang,2025-09-10,79,711406,29271,278,Stera Video;Ini Cia;Tina Mini Cooking
2025-09-06,pulmuone,2025-09-10,1,2,0,0,Yumding ìœ°ë”©
2025-09-06,nongshim,2025-09-10,12,6794,222,32,T & Lee T.V.;Go Inside;BusyGamersOfficial
2025-09-06,jin ramen,2025-09-10,6,64389,969,46,í•œì‹í´ë¼ì“°;Annyka;taekenbysurprise
2025-09-06,chum churum,2025-09-10,0,0,0,0,
2025-09-07,pulmuone,2025-09-10,0,0,0,0,
2025-09-06,buldak,2025-09-10,236,1492292,42461,928,Joseph Anthonii;HelloBaddieSanrio;Ğ£ ĞœĞ°ĞºÑĞ°
2025-09-05,shin ramyun,2025-09-10,9,119119,1006,23,ì¸ì‹¸ìš”ì •;Rachel Jhan;Roman Roman
2025-09-05,shin ramen,2025-09-10,6,3988,64,3,Home recipes and eating ;Cute Dog Kiki In New York;Greg Paul
2025-09-05,samyang,2025-09-10,72,351396,8414,100,Elfie Studios;Nindi Choi Channel ;Tafakoer
2025-09-05,pulmuone,2025-09-10,1,371,7,0,í‘¸ë“œìŠ¤íƒ€ì¼ë¦¬ìŠ¤íŠ¸ê¹€ìœ¤ì • _ ê·¸ë¦°í…Œì´ë¸”
2025-09-05,nongshim,2025-09-10,14,7008,80,13,Go Inside;Loleventvods - LoL Esports: VODs & Montages;ë†ì‹¬ nongshim
2025-09-05,jin ramen,2025-09-10,5,10947,532,11,â™‰ï¸jen;á´‡ÊŸÊŸá´‡ êœ±á´›á´œá´…Éªá´;Papa's Food Log
2025-09-05,chum churum,2025-09-10,1,180,1,0,Chum Churum Official
2025-09-05,buldak,2025-09-10,200,3740653,102235,2051,Kim&Liz Too;ë²„ë“¤Buddle;The ASMR Bro
2025-09-05,bibigo,2025-09-10,5,48028,2582,36,Bretman and Friends;Tela Tv;í—¬ì°½ì˜ ëƒ‰ë™ì°½ê³ 
2025-09-04,shin ramyun,2025-09-10,14,590685,1778,311,ì¹˜ì¹´í™€ë¦­;esyfilms;Yenster's Korean Eats
2025-09-04,shin ramen,2025-09-10,7,503961,125,14,Immy;Home recipes and eating ;stevoeats
2025-09-04,samyang,2025-09-10,80,557401,3749,74,Mak mpom;DumDum;Mafiatrang
2025-09-06,bibigo,2025-09-10,1,41,0,0,BapTable
2025-09-07,samyang,2025-09-10,93,703840,35821,507,Gaby Jovita;Jon Cit;Tina Mini Cooking
2025-09-07,shin ramen,2025-09-10,9,32340,336,19,Ishinoshi;Bubblelina's Adventures!;æš´èµ°èåœ03
2025-09-07,shin ramyun,2025-09-10,16,92338,672,72,Hari Karuna Rai;ì¹˜ì¹´í™€ë¦­;Bake it Simple
2025-09-10,shin ramyun,2025-09-10,12,12472,211,12,Dhanashree Sawant;HomeCookJournal;The Ramen Room
2025-09-10,shin ramen,2025-09-10,15,54127,244,18,HomeCookJournal;The Ramen Room;Immy
2025-09-10,samyang,2025-09-10,72,140306,9131,306,Tina ASMR ;Tina Mini Cooking;Hoa-ASMR
2025-09-10,pulmuone,2025-09-10,0,0,0,0,
2025-09-10,nongshim,2025-09-10,15,64187,220,12,ë‹¬ë ¤ë¼ ë²„ìŠ¤ Dalida Bus;Dhanashree Sawant;Carters Eat
2025-09-10,jin ramen,2025-09-10,9,7015,79,16,Mukbang with JOLINA ğŸŒ»;Kelly â™¡;K - Star TV 1995
2025-09-10,chum churum,2025-09-10,0,0,0,0,
2025-09-10,buldak,2025-09-10,194,405087,22101,765,Kim&Liz ASMR;Kim&Liz Too;SOTTO TV10
2025-09-10,bibigo,2025-09-10,4,3683,25,1,sÆ¡ ri Minh KhuÃª vlog channel;Anna Jung Korea;BapTable
2025-09-09,shin ramyun,2025-09-10,13,92127,682,16,ë‹¬ë ¤ë¼ ë²„ìŠ¤ Dalida Bus;TripleYå°è¢œå¡;annie antonio
2025-09-09,shin ramen,2025-09-10,7,42717,305,26,Rochelle Cha;Bubble Maan;FloriaVibes
2025-09-09,samyang,2025-09-10,61,251238,17690,309,Nor Ranita;Adi Dharma;Khaira Khafi Daily
2025-09-09,pulmuone,2025-09-10,0,0,0,0,
2025-09-09,nongshim,2025-09-10,10,42227,286,3,ë‹¬ë ¤ë¼ ë²„ìŠ¤ Dalida Bus;LCK Tiáº¿ng Viá»‡t;OndÅ™ej Kruml
2025-09-09,jin ramen,2025-09-10,6,6853,550,9,EIKEIKEAT;ArcadeSenseiLive;YUM Eating Mukbang
2025-09-09,chum churum,2025-09-10,0,0,0,0,
2025-09-09,buldak,2025-09-10,166,815767,26914,570,Jiny Maeng;Khawar Ashor;aimschia
2025-09-09,bibigo,2025-09-10,10,14012,840,23,ì¡°ìœ¨í‚¹;ì‚¬ì™œì‚¬TV ;Chuck Chews
2025-09-08,shin ramyun,2025-09-10,12,16903,169,7,Nongshim Global;Kay Kay Li;BrightHema
2025-09-08,shin ramen,2025-09-10,6,44959,833,5,Randy food;Bite Me;Dharini  Dhruvika vlogs 
2025-09-08,samyang,2025-09-10,71,259523,8000,225,N.E Let's Eat;Hoa-ASMR;Mira Mini Cooking
2025-09-08,pulmuone,2025-09-10,1,11373,523,14,N.E Let's Eat
2025-09-08,nongshim,2025-09-10,12,57042,520,49,ë‹¬ë ¤ë¼ ë²„ìŠ¤ Dalida Bus;Ğ£ ĞœĞ°ĞºÑĞ°;hike n cook
2025-09-08,jin ramen,2025-09-10,4,3822,44,2,DumDum;Janzyyasmr;K-Ramen Shorts
2025-09-08,chum churum,2025-09-10,0,0,0,0,
2025-09-08,buldak,2025-09-10,196,1134729,25090,951,N.E Let's Eat;LovelyMimi;NamCook ë‚¨ì¿¡
2025-09-08,bibigo,2025-09-10,3,1842,3,3,Augsky_Saturn;BapTable;ChewsForViews
2025-09-04,pulmuone,2025-09-10,0,0,0,0,
2025-09-04,nongshim,2025-09-10,9,505327,100,31,Go Inside;Immy;Fa
2025-09-04,jin ramen,2025-09-10,2,6975,52,1,ë§¥ìŠ¤í‘¸ë“œMAXFOOD;Papa's Food Log
2025-09-04,chum churum,2025-09-10,0,0,0,0,
2025-09-06,pulmuone,2025-09-09,1,2,0,0,Yumding ìœ°ë”©
2025-09-06,chum churum,2025-09-09,0,0,0,0,
2025-09-05,shin ramyun,2025-09-09,9,112631,955,23,ì¸ì‹¸ìš”ì •;Rachel Jhan;Roman Roman
2025-09-05,pulmuone,2025-09-09,1,369,7,0,í‘¸ë“œìŠ¤íƒ€ì¼ë¦¬ìŠ¤íŠ¸ê¹€ìœ¤ì • _ ê·¸ë¦°í…Œì´ë¸”
2025-09-05,chum churum,2025-09-09,1,176,1,0,Chum Churum Official
2025-09-04,shin ramyun,2025-09-09,14,538531,1691,282,ì¹˜ì¹´í™€ë¦­;esyfilms;Yenster's Korean Eats
2025-09-04,pulmuone,2025-09-09,0,0,0,0,
2025-09-04,chum churum,2025-09-09,0,0,0,0,
2025-09-03,shin ramyun,2025-09-09,7,8886,120,4,Supermercado Otugui;shaonika saha;agrawal 
2025-09-06,shin ramyun,2025-09-09,12,73079,1467,69,T & Lee T.V.;FastFoodGuy;Sheffy
2025-09-04,buldak,2025-09-10,189,1693724,40695,791,ë¬¸ë³µí¬ Eat with Boki;aimschia;Donai mukbang
2025-09-04,bibigo,2025-09-10,3,2953,23,0,Tasty Realm;bibigo Vietnam;BapTable
2025-09-09,shin ramyun,2025-09-09,13,51656,471,12,ë‹¬ë ¤ë¼ ë²„ìŠ¤ Dalida Bus;TripleYå°è¢œå¡;annie antonio
2025-09-09,pulmuone,2025-09-09,0,0,0,0,
2025-09-09,chum churum,2025-09-09,0,0,0,0,
2025-09-08,shin ramyun,2025-09-09,12,14659,151,4,Nongshim Global;Kay Kay Li;BrightHema
2025-09-08,pulmuone,2025-09-09,1,10156,491,13,N.E Let's Eat
2025-09-08,chum churum,2025-09-09,0,0,0,0,
2025-09-07,shin ramyun,2025-09-09,16,85831,625,65,Hari Karuna Rai;ì¹˜ì¹´í™€ë¦­;Bake it Simple
2025-09-07,pulmuone,2025-09-09,0,0,0,0,
2025-09-07,chum churum,2025-09-09,0,0,0,0,
2025-09-01,shin ramen,2025-09-07,0,0,0,0,
2025-09-01,pulmuone,2025-09-07,0,0,0,0,
2025-09-02,bibigo,2025-09-04,0,0,0,0,
2025-09-01,shin ramyun,2025-09-04,0,0,0,0,
2025-09-01,shin ramen,2025-09-04,0,0,0,0,
2025-09-01,samyang,2025-09-04,0,0,0,0,
2025-09-01,pulmuone,2025-09-04,0,0,0,0,
2025-09-01,nongshim,2025-09-04,0,0,0,0,
2025-09-01,jin ramen,2025-09-04,0,0,0,0,
2025-09-01,buldak,2025-09-04,0,0,0,0,
2025-09-01,bibigo,2025-09-04,0,0,0,0,
2025-08-31,shin ramyun,2025-09-04,0,0,0,0,
2025-08-31,shin ramen,2025-09-04,0,0,0,0,
2025-08-31,samyang,2025-09-04,0,0,0,0,
2025-09-02,buldak,2025-09-04,0,0,0,0,
2025-08-31,pulmuone,2025-09-04,0,0,0,0,
2025-08-31,jin ramen,2025-09-04,0,0,0,0,
2025-08-31,buldak,2025-09-04,0,0,0,0,
2025-08-31,bibigo,2025-09-04,0,0,0,0,
2025-08-30,shin ramyun,2025-09-04,0,0,0,0,
2025-08-30,shin ramen,2025-09-04,0,0,0,0,
2025-08-30,samyang,2025-09-04,0,0,0,0,
2025-08-30,pulmuone,2025-09-04,0,0,0,0,
2025-08-30,nongshim,2025-09-04,0,0,0,0,
2025-08-30,jin ramen,2025-09-04,0,0,0,0,
2025-08-30,buldak,2025-09-04,0,0,0,0,
2025-08-30,bibigo,2025-09-04,0,0,0,0,
2025-08-29,shin ramyun,2025-09-04,0,0,0,0,
2025-08-31,nongshim,2025-09-04,0,0,0,0,
2025-09-02,jin ramen,2025-09-04,0,0,0,0,
2025-09-02,nongshim,2025-09-04,0,0,0,0,
2025-09-02,pulmuone,2025-09-04,0,0,0,0,
2025-08-30,shin ramen,2025-09-05,0,0,0,0,
2025-08-30,samyang,2025-09-05,0,0,0,0,
2025-08-30,pulmuone,2025-09-05,0,0,0,0,
2025-08-30,nongshim,2025-09-05,0,0,0,0,
2025-08-30,jin ramen,2025-09-05,0,0,0,0,
2025-08-30,chum churum,2025-09-05,0,0,0,0,
2025-08-30,buldak,2025-09-05,0,0,0,0,
2025-08-30,bibigo,2025-09-05,0,0,0,0,
2025-09-04,shin ramyun,2025-09-04,14,22738,252,35,esyfilms;ì¹˜ì¹´í™€ë¦­;Yenster's Korean Eats
2025-09-04,shin ramen,2025-09-04,7,9868,49,4,Immy;cookingbylynn;Home recipes and eating 
2025-09-04,samyang,2025-09-04,80,80698,4951,133,Mak mpom;Tina Mini Cooking;DumDum
2025-09-04,pulmuone,2025-09-04,0,0,0,0,
2025-09-04,nongshim,2025-09-04,9,12895,68,16,Go Inside;Immy;Technaverse 2.0
2025-09-04,jin ramen,2025-09-04,2,2710,19,0,ë§¥ìŠ¤í‘¸ë“œMAXFOOD;Papa's Food Log
2025-09-04,buldak,2025-09-04,189,488617,12454,411,ë¬¸ë³µí¬ Eat with Boki;aimschia;Asian Table
2025-09-04,bibigo,2025-09-04,3,1127,4,0,Tasty Realm;bibigo Vietnam;BapTable
2025-09-03,shin ramyun,2025-09-04,7,7825,105,3,Supermercado Otugui;shaonika saha;agrawal 
2025-09-03,shin ramen,2025-09-04,7,38581,2214,52,irene kim ê¹€ì˜ˆë¦°;wannabechefmatt;Foodie girl ğŸ’“
2025-09-03,samyang,2025-09-04,87,360943,5284,176,BÃ© LÃ  Shima;KelvanH;Lilian Grimmxandraã€AKA Virtualã€‘
2025-09-03,pulmuone,2025-09-04,1,251,5,0,Andy Shen
2025-09-03,nongshim,2025-09-04,18,20668,272,10,NS RedForce;Loleventvods - LoL Esports: VODs & Montages;BusyGamersOfficial
2025-09-03,jin ramen,2025-09-04,3,3384,75,8,Foodtrip rangerTV;Cath Official Vlog;Korean Ahjussi
2025-09-03,buldak,2025-09-04,230,982553,27164,1701,Kim&Liz ASMR;HONG SOUND;í•˜ì§€í›ˆ ha ji hoon
2025-09-03,bibigo,2025-09-04,5,13255,181,13,"Mystery Maven;ëšì‚¬ë§ˆì˜ í”¼ìë†€ì´ ddooksama ãƒ”ã‚¶éŠã³ Ehi, la pizza.;Cabreranali"
2025-09-02,shin ramyun,2025-09-04,0,0,0,0,
2025-09-02,shin ramen,2025-09-04,0,0,0,0,
2025-09-02,samyang,2025-09-04,0,0,0,0,
2025-08-29,shin ramen,2025-09-04,0,0,0,0,
2025-08-29,samyang,2025-09-04,0,0,0,0,
2025-08-29,pulmuone,2025-09-04,0,0,0,0,
2025-08-29,nongshim,2025-09-04,0,0,0,0,
2025-08-31,jin ramen,2025-09-03,0,0,0,0,
2025-08-31,buldak,2025-09-03,0,0,0,0,
2025-08-31,bibigo,2025-09-03,0,0,0,0,
2025-08-30,shin ramyun,2025-09-03,0,0,0,0,
2025-08-30,shin ramen,2025-09-03,0,0,0,0,
2025-08-30,samyang,2025-09-03,0,0,0,0,
2025-08-30,pulmuone,2025-09-03,0,0,0,0,
2025-08-30,nongshim,2025-09-03,0,0,0,0,
2025-08-30,jin ramen,2025-09-03,0,0,0,0,
2025-08-30,buldak,2025-09-03,0,0,0,0,
2025-08-30,bibigo,2025-09-03,0,0,0,0,
2025-08-29,shin ramyun,2025-09-03,0,0,0,0,
2025-08-29,shin ramen,2025-09-03,0,0,0,0,
2025-08-29,samyang,2025-09-03,0,0,0,0,
2025-08-29,pulmuone,2025-09-03,0,0,0,0,
2025-08-29,nongshim,2025-09-03,0,0,0,0,
2025-08-29,jin ramen,2025-09-03,0,0,0,0,
2025-08-29,buldak,2025-09-03,0,0,0,0,
2025-08-29,bibigo,2025-09-03,0,0,0,0,
2025-08-28,shin ramyun,2025-09-03,0,0,0,0,
2025-08-28,shin ramen,2025-09-03,0,0,0,0,
2025-08-28,samyang,2025-09-03,0,0,0,0,
2025-08-28,pulmuone,2025-09-03,0,0,0,0,
2025-08-28,nongshim,2025-09-03,0,0,0,0,
2025-08-28,jin ramen,2025-09-03,0,0,0,0,
2025-08-28,buldak,2025-09-03,0,0,0,0,
2025-09-01,samyang,2025-09-07,0,0,0,0,
2025-08-31,nongshim,2025-09-03,0,0,0,0,
2025-08-30,shin ramyun,2025-09-05,0,0,0,0,
2025-08-31,pulmuone,2025-09-03,0,0,0,0,
2025-08-31,shin ramen,2025-09-03,0,0,0,0,
2025-08-29,jin ramen,2025-09-04,0,0,0,0,
2025-08-29,buldak,2025-09-04,0,0,0,0,
2025-08-29,bibigo,2025-09-04,0,0,0,0,
2025-09-03,shin ramyun,2025-09-03,7,4922,76,3,Supermercado Otugui;shaonika saha;agrawal 
2025-09-03,shin ramen,2025-09-03,7,25133,1586,46,wannabechefmatt;irene kim ê¹€ì˜ˆë¦°;Foodie girl ğŸ’“
2025-09-03,samyang,2025-09-03,87,268462,3716,156,BÃ© LÃ  Shima;KelvanH;Lilian Grimmxandraã€AKA Virtualã€‘
2025-09-03,nongshim,2025-09-03,18,18119,205,10,NS RedForce;Loleventvods - LoL Esports: VODs & Montages;BusyGamersOfficial
2025-09-03,jin ramen,2025-09-03,3,2172,62,8,Foodtrip rangerTV;Cath Official Vlog;Korean Ahjussi
2025-09-03,buldak,2025-09-03,230,613080,17370,1438,Kim&Liz ASMR;HONG SOUND;í•˜ì§€í›ˆ ha ji hoon
2025-09-03,bibigo,2025-09-03,5,4103,75,12,"ëšì‚¬ë§ˆì˜ í”¼ìë†€ì´ ddooksama ãƒ”ã‚¶éŠã³ Ehi, la pizza.;Mystery Maven;Cabreranali"
2025-09-02,shin ramyun,2025-09-03,0,0,0,0,
2025-09-02,shin ramen,2025-09-03,0,0,0,0,
2025-09-02,samyang,2025-09-03,0,0,0,0,
2025-09-02,pulmuone,2025-09-03,0,0,0,0,
2025-09-02,nongshim,2025-09-03,0,0,0,0,
2025-09-02,jin ramen,2025-09-03,0,0,0,0,
2025-09-02,buldak,2025-09-03,0,0,0,0,
2025-09-02,bibigo,2025-09-03,0,0,0,0,
2025-09-01,shin ramyun,2025-09-03,0,0,0,0,
2025-09-01,shin ramen,2025-09-03,0,0,0,0,
2025-09-01,samyang,2025-09-03,0,0,0,0,
2025-09-01,pulmuone,2025-09-03,0,0,0,0,
2025-09-01,nongshim,2025-09-03,0,0,0,0,
2025-09-01,jin ramen,2025-09-03,0,0,0,0,
2025-09-01,buldak,2025-09-03,0,0,0,0,
2025-09-01,bibigo,2025-09-03,0,0,0,0,
2025-08-31,shin ramyun,2025-09-03,0,0,0,0,
2025-08-31,samyang,2025-09-03,0,0,0,0,
2025-08-31,bibigo,2025-09-05,0,0,0,0,
2025-09-03,pulmuone,2025-09-03,1,67,1,0,Andy Shen
2025-08-31,chum churum,2025-09-05,0,0,0,0,
2025-09-04,bibigo,2025-09-06,3,2471,18,0,Tasty Realm;bibigo Vietnam;BapTable
2025-09-03,shin ramyun,2025-09-06,7,8870,118,4,Supermercado Otugui;shaonika saha;agrawal 
2025-09-03,shin ramen,2025-09-06,7,64947,3136,57,irene kim ê¹€ì˜ˆë¦°;wannabechefmatt;Delta
2025-09-03,samyang,2025-09-06,87,522446,8108,213,BÃ© LÃ  Shima;KelvanH;Lilian Grimmxandraã€AKA Virtualã€‘
2025-09-03,pulmuone,2025-09-06,1,915,9,1,Andy Shen
2025-09-03,nongshim,2025-09-06,18,31787,676,10,Loleventvods - LoL Esports: VODs & Montages;NS RedForce;BusyGamersOfficial
2025-09-03,jin ramen,2025-09-06,3,7488,110,8,Foodtrip rangerTV;Cath Official Vlog;Korean Ahjussi
2025-09-03,chum churum,2025-09-06,0,0,0,0,
2025-09-03,buldak,2025-09-06,230,1792941,49421,2315,Kim&Liz ASMR;HONG SOUND;Alivia Donai 
2025-09-03,bibigo,2025-09-06,5,29732,275,15,"Mystery Maven;ëšì‚¬ë§ˆì˜ í”¼ìë†€ì´ ddooksama ãƒ”ã‚¶éŠã³ Ehi, la pizza.;Cabreranali"
2025-09-02,shin ramyun,2025-09-06,0,0,0,0,
2025-09-02,shin ramen,2025-09-06,0,0,0,0,
2025-09-02,samyang,2025-09-06,0,0,0,0,
2025-09-02,pulmuone,2025-09-06,0,0,0,0,
2025-09-02,nongshim,2025-09-06,0,0,0,0,
2025-09-02,jin ramen,2025-09-06,0,0,0,0,
2025-09-02,chum churum,2025-09-06,0,0,0,0,
2025-09-02,buldak,2025-09-06,0,0,0,0,
2025-09-02,bibigo,2025-09-06,0,0,0,0,
2025-09-01,shin ramyun,2025-09-06,0,0,0,0,
2025-09-01,shin ramen,2025-09-06,0,0,0,0,
2025-09-01,samyang,2025-09-06,0,0,0,0,
2025-09-01,pulmuone,2025-09-06,0,0,0,0,
2025-09-01,nongshim,2025-09-06,0,0,0,0,
2025-09-01,jin ramen,2025-09-06,0,0,0,0,
2025-09-01,chum churum,2025-09-06,0,0,0,0,
2025-09-01,buldak,2025-09-06,0,0,0,0,
2025-09-04,buldak,2025-09-06,189,1425228,34267,740,ë¬¸ë³µí¬ Eat with Boki;aimschia;Donai mukbang
2025-09-01,bibigo,2025-09-06,0,0,0,0,
2025-09-04,chum churum,2025-09-06,0,0,0,0,
2025-09-04,nongshim,2025-09-06,9,260860,100,31,Go Inside;Immy;Fa
2025-09-01,nongshim,2025-09-07,0,0,0,0,
2025-08-31,buldak,2025-09-05,0,0,0,0,
2025-09-01,jin ramen,2025-09-07,0,0,0,0,
2025-09-01,chum churum,2025-09-07,0,0,0,0,
2025-09-01,buldak,2025-09-07,0,0,0,0,
2025-09-01,bibigo,2025-09-07,0,0,0,0,
2025-09-06,shin ramyun,2025-09-06,12,52506,1073,52,T & Lee T.V.;FastFoodGuy;Sheffy
2025-09-06,shin ramen,2025-09-06,6,52797,1116,44,Yangpoonee ì–‘í‘¼ì´;FastFoodGuy;ğ“‘ğ“¡ğ“”ğ“ğ““ğ“ ğ“›ğ“ğ“¥ğ“”
2025-09-06,samyang,2025-09-06,79,413092,21904,243,Stera Video;Ini Cia;Tina Mini Cooking
2025-09-06,pulmuone,2025-09-06,1,2,0,0,Yumding ìœ°ë”©
2025-09-06,nongshim,2025-09-06,12,10358,277,36,Go Inside;Hoa-ASMR;T & Lee T.V.
2025-09-06,jin ramen,2025-09-06,6,42874,644,39,í•œì‹í´ë¼ì“°;Annyka;taekenbysurprise
2025-09-06,chum churum,2025-09-06,0,0,0,0,
2025-09-06,buldak,2025-09-06,236,882061,26199,702,Joseph Anthonii;HelloBaddieSanrio;Ğ£ ĞœĞ°ĞºÑĞ°
2025-09-06,bibigo,2025-09-06,1,34,0,0,BapTable
2025-09-05,shin ramyun,2025-09-06,9,104601,898,23,ì¸ì‹¸ìš”ì •;Rachel Jhan;Roman Roman
2025-09-05,shin ramen,2025-09-06,6,3725,58,3,Home recipes and eating ;Cute Dog Kiki In New York;Greg Paul
2025-09-05,samyang,2025-09-06,72,245605,6177,88,Elfie Studios;Nindi Choi Channel ;Tafakoer
2025-09-05,pulmuone,2025-09-06,1,357,5,0,í‘¸ë“œìŠ¤íƒ€ì¼ë¦¬ìŠ¤íŠ¸ê¹€ìœ¤ì • _ ê·¸ë¦°í…Œì´ë¸”
2025-09-05,nongshim,2025-09-06,14,6593,76,13,Go Inside;Loleventvods - LoL Esports: VODs & Montages;ë†ì‹¬ nongshim
2025-09-05,jin ramen,2025-09-06,5,7554,282,6,á´‡ÊŸÊŸá´‡ êœ±á´›á´œá´…Éªá´;â™‰ï¸jen;Papa's Food Log
2025-09-05,chum churum,2025-09-06,1,174,1,0,Chum Churum Official
2025-09-05,buldak,2025-09-06,200,1940921,68310,1747,Kim&Liz Too;ë²„ë“¤Buddle;The ASMR Bro
2025-09-05,bibigo,2025-09-06,5,42728,2407,31,Bretman and Friends;Tela Tv;í—¬ì°½ì˜ ëƒ‰ë™ì°½ê³ 
2025-09-04,shin ramyun,2025-09-06,14,333546,1558,252,esyfilms;ì¹˜ì¹´í™€ë¦­;Yenster's Korean Eats
2025-09-04,shin ramen,2025-09-06,7,259265,106,14,Immy;Home recipes and eating ;stevoeats
2025-09-04,samyang,2025-09-06,80,518590,8289,166,Mak mpom;Tina Mini Cooking;Nindi Choi Channel 
2025-09-04,jin ramen,2025-09-06,2,6627,50,0,ë§¥ìŠ¤í‘¸ë“œMAXFOOD;Papa's Food Log
2025-08-31,shin ramyun,2025-09-06,0,0,0,0,
2025-09-04,pulmuone,2025-09-06,0,0,0,0,
2025-08-31,samyang,2025-09-06,0,0,0,0,
2025-09-03,chum churum,2025-09-05,0,0,0,0,
2025-09-03,buldak,2025-09-05,230,1450013,40980,2103,Kim&Liz ASMR;HONG SOUND;Alivia Donai 
2025-09-03,bibigo,2025-09-05,5,29705,271,15,"Mystery Maven;ëšì‚¬ë§ˆì˜ í”¼ìë†€ì´ ddooksama ãƒ”ã‚¶éŠã³ Ehi, la pizza.;Cabreranali"
2025-09-02,shin ramyun,2025-09-05,0,0,0,0,
2025-09-02,shin ramen,2025-09-05,0,0,0,0,
2025-09-02,samyang,2025-09-05,0,0,0,0,
2025-09-02,pulmuone,2025-09-05,0,0,0,0,
2025-09-02,nongshim,2025-09-05,0,0,0,0,
2025-09-02,jin ramen,2025-09-05,0,0,0,0,
2025-09-02,chum churum,2025-09-05,0,0,0,0,
2025-09-02,buldak,2025-09-05,0,0,0,0,
2025-09-02,bibigo,2025-09-05,0,0,0,0,
2025-09-01,shin ramen,2025-09-05,0,0,0,0,
2025-09-01,samyang,2025-09-05,0,0,0,0,
2025-09-01,pulmuone,2025-09-05,0,0,0,0,
2025-09-01,nongshim,2025-09-05,0,0,0,0,
2025-09-01,jin ramen,2025-09-05,0,0,0,0,
2025-09-01,chum churum,2025-09-05,0,0,0,0,
2025-09-01,buldak,2025-09-05,0,0,0,0,
2025-09-01,bibigo,2025-09-05,0,0,0,0,
2025-08-31,shin ramyun,2025-09-05,0,0,0,0,
2025-08-31,shin ramen,2025-09-05,0,0,0,0,
2025-08-31,samyang,2025-09-05,0,0,0,0,
2025-08-31,pulmuone,2025-09-05,0,0,0,0,
2025-08-31,shin ramen,2025-09-06,0,0,0,0,
2025-08-31,nongshim,2025-09-05,0,0,0,0,
2025-08-31,jin ramen,2025-09-05,0,0,0,0,
2025-09-03,jin ramen,2025-09-05,3,5627,104,8,Foodtrip rangerTV;Cath Official Vlog;Korean Ahjussi
2025-09-03,nongshim,2025-09-05,18,27757,523,10,Loleventvods - LoL Esports: VODs & Montages;NS RedForce;BusyGamersOfficial
2025-09-01,shin ramyun,2025-09-05,0,0,0,0,
2025-09-03,samyang,2025-09-05,87,471456,7310,206,BÃ© LÃ  Shima;KelvanH;Lilian Grimmxandraã€AKA Virtualã€‘
2025-08-31,nongshim,2025-09-06,0,0,0,0,
2025-08-31,pulmuone,2025-09-06,0,0,0,0,
2025-08-31,jin ramen,2025-09-06,0,0,0,0,
2025-09-03,pulmuone,2025-09-05,1,864,8,1,Andy Shen
2025-08-31,chum churum,2025-09-06,0,0,0,0,
2025-08-31,buldak,2025-09-06,0,0,0,0,
2025-08-31,bibigo,2025-09-06,0,0,0,0,
2025-09-05,shin ramyun,2025-09-05,9,79458,728,15,ì¸ì‹¸ìš”ì •;Rachel Jhan;Roman Roman
2025-09-05,shin ramen,2025-09-05,6,4788,54,2,Home recipes and eating ;Greg Paul;Cute Dog Kiki In New York
2025-09-05,pulmuone,2025-09-05,1,83,2,0,í‘¸ë“œìŠ¤íƒ€ì¼ë¦¬ìŠ¤íŠ¸ê¹€ìœ¤ì • _ ê·¸ë¦°í…Œì´ë¸”
2025-09-05,nongshim,2025-09-05,14,7209,74,11,Go Inside;Loleventvods - LoL Esports: VODs & Montages;ë†ì‹¬ nongshim
2025-09-05,jin ramen,2025-09-05,5,5870,95,5,á´‡ÊŸÊŸá´‡ êœ±á´›á´œá´…Éªá´;â™‰ï¸jen;Papa's Food Log
2025-09-05,chum churum,2025-09-05,1,166,1,0,Chum Churum Official
2025-09-05,buldak,2025-09-05,200,904206,39948,1316,Kim&Liz Too;ë²„ë“¤Buddle;The ASMR Bro
2025-09-05,samyang,2025-09-05,72,158133,3646,81,Elfie Studios;Tafakoer;Nindi Choi Channel 
2025-09-05,bibigo,2025-09-05,5,27835,1876,22,Bretman and Friends;Tela Tv;í—¬ì°½ì˜ ëƒ‰ë™ì°½ê³ 
2025-09-04,bibigo,2025-09-05,3,1667,7,0,Tasty Realm;bibigo Vietnam;BapTable
2025-09-04,buldak,2025-09-05,189,1104522,27699,664,ë¬¸ë³µí¬ Eat with Boki;aimschia;Asian Table
2025-09-04,chum churum,2025-09-05,0,0,0,0,
2025-09-04,jin ramen,2025-09-05,2,4300,35,0,ë§¥ìŠ¤í‘¸ë“œMAXFOOD;Papa's Food Log
2025-09-04,nongshim,2025-09-05,9,155616,93,30,Go Inside;Immy;Fa
2025-09-03,shin ramen,2025-09-05,7,57684,2838,57,irene kim ê¹€ì˜ˆë¦°;wannabechefmatt;Foodie girl ğŸ’“
2025-09-04,samyang,2025-09-05,80,375877,7216,156,Mak mpom;Tina Mini Cooking;DumDum
2025-09-04,shin ramen,2025-09-05,7,153461,84,12,Immy;Home recipes and eating ;stevoeats
2025-09-04,shin ramyun,2025-09-05,14,215222,1309,210,esyfilms;ì¹˜ì¹´í™€ë¦­;Yenster's Korean Eats
2025-09-04,pulmuone,2025-09-05,0,0,0,0,
2025-09-03,shin ramyun,2025-09-05,7,8674,113,4,Supermercado Otugui;shaonika saha;agrawal 
2025-09-10,jinro,2025-09-13,0,0,0,0,
2025-09-10,emart,2025-09-13,0,0,0,0,
2025-09-10,kooksoondang,2025-09-13,0,0,0,0,
2025-09-10,jin ramen,2025-09-13,0,0,0,0,
2025-09-10,bibigo,2025-09-13,0,0,0,0,
2025-09-10,havmor,2025-09-13,0,0,0,0,
2025-09-10,chilsung,2025-09-13,0,0,0,0,
2025-09-10,daesang,2025-09-13,0,0,0,0,
2025-09-10,bristol farms,2025-09-13,0,0,0,0,
2025-09-10,chapagetti,2025-09-13,0,0,0,0,
2025-09-10,buldak,2025-09-13,0,0,0,0,
2025-09-10,kyochon,2025-09-13,0,0,0,0,
2025-09-10,binggrae,2025-09-13,0,0,0,0,
2025-09-10,dongwon tuna,2025-09-13,0,0,0,0,
2025-09-10,lotte choco pie,2025-09-13,0,0,0,0,
2025-09-10,red baron,2025-09-13,0,0,0,0,
2025-09-10,maxim coffee,2025-09-13,0,0,0,0,
2025-09-10,shin ramen,2025-09-13,0,0,0,0,
2025-09-10,sempio,2025-09-13,0,0,0,0,
2025-09-10,beksul,2025-09-13,0,0,0,0,
2025-09-10,starkist,2025-09-13,0,0,0,0,
2025-09-10,samyang,2025-09-13,0,0,0,0,
2025-09-10,samlip,2025-09-13,0,0,0,0,
2025-09-10,pulmuone,2025-09-13,0,0,0,0,
2025-09-10,pepero,2025-09-13,0,0,0,0,
2025-09-10,ottogi,2025-09-13,0,0,0,0,
2025-09-10,otoki,2025-09-13,0,0,0,0,
2025-09-10,orion choco pie,2025-09-13,0,0,0,0,
2025-09-10,nongshim,2025-09-13,0,0,0,0,
2025-09-10,neoguri,2025-09-13,0,0,0,0,
2025-09-10,milkis,2025-09-13,0,0,0,0,
2025-09-10,melona,2025-09-13,0,0,0,0,
2025-09-10,lotte mart,2025-09-13,0,0,0,0,
2025-09-09,turtle chips,2025-09-13,1,240,0,0,Borahae Foodie
2025-09-09,dongwon tuna,2025-09-13,0,0,0,0,
2025-09-09,terra beer,2025-09-13,0,0,0,0,
2025-09-09,kyochon,2025-09-13,1,1560,26,0,Yongry
2025-09-09,kooksoondang,2025-09-13,1,4,1,0,Larin Gracie
2025-09-09,jinro,2025-09-13,1,1205,8,1,pen sophanny
2025-09-09,jin ramen,2025-09-13,6,16222,1089,13,EIKEIKEAT;ArcadeSenseiLive;YUM Eating Mukbang
2025-09-09,havmor,2025-09-13,3,1872,43,1,Smiley2023;Nilam ice dish Gola 1;Cravora
2025-09-09,emart,2025-09-13,5,1708,13,2,Nt Sen;Hyland_ BÃ© Hai nhÃ  phá»‘ HCM.;Buyer's Guide HQ
2025-09-09,lotte choco pie,2025-09-13,10,43682,285,2,YUM YUM CHOCOLATE ;Nandhini Vlogs;SWIN CREATIONS
2025-09-09,daesang,2025-09-13,2,25596,1040,8,JONGSUKNEWSS;VALOR BANGPINK (AB)
2025-09-09,chapagetti,2025-09-13,3,4108,50,2,Onigiri 2407;Tasty Combos;GG AI ASMR SOUND
2025-09-09,buldak,2025-09-13,175,2466235,71064,1149,Jiny Maeng;Khawar Ashor;aimschia
2025-09-09,bristol farms,2025-09-13,0,0,0,0,
2025-09-09,bibigo,2025-09-13,10,23490,2078,30,ì¡°ìœ¨í‚¹;ì‚¬ì™œì‚¬TV ;Chuck Chews
2025-09-10,terra beer,2025-09-13,0,0,0,0,
2025-09-09,binggrae,2025-09-13,3,301246,6952,60,Jon's Snacking Time; OR è¯­éŸ³æ§åˆ¶å®¤;K FOOD FIGHTERS
2025-09-09,chilsung,2025-09-13,1,12,1,0,Hendra Novi
2025-09-09,toomba,2025-09-13,2,2580,58,0,Rochelle Cha;Shelflifestory
2025-09-09,lotte mart,2025-09-13,8,4412,44,0,LOTTE MART Indonesia;Alsayda humairah;LOTTE MART Vietnam
2025-09-09,melona,2025-09-13,6,3088,40,6,Mukbangs Be Like;Jahnice Vlog;ĞĞ»ĞµĞºÑĞ°Ğ½Ğ´Ñ€ Ğ§ĞµÑ€Ğ½Ñ‹ÑˆĞµĞ²
2025-09-09,starkist,2025-09-13,0,0,0,0,
2025-09-09,shin ramen,2025-09-13,12,57749,438,32,Rochelle Cha;Bubble Maan;annie antonio
2025-09-09,sempio,2025-09-13,3,25726,932,199,Scopri i segreti dei personaggi famosi;IA DETECTIVE ITALIA;Spettegolando
2025-09-09,samyang,2025-09-13,60,428317,43119,372,Nor Ranita;Khaira Khafi Daily;Adi Dharma
2025-09-09,samlip,2025-09-13,0,0,0,0,
2025-09-09,red baron,2025-09-13,6,3614,58,26,Bloo's Self Reliance;petak gemstone pacitan;TRFxSeries
2025-09-09,maxim coffee,2025-09-13,0,0,0,0,
2025-09-09,pulmuone,2025-09-13,0,0,0,0,
2025-09-09,ottogi,2025-09-13,3,15195,1057,7,EIKEIKEAT;ryyeoo;Calliah Vlogs
2025-09-09,otoki,2025-09-13,2,3900,35,0,Nogometna zveza Slovenije;Melissa's Leisures 
2025-09-09,orion choco pie,2025-09-13,3,5590,40,0,marim 012;smeh21vekacom;Stationery Stash Spot 
2025-09-09,nongshim,2025-09-13,10,173667,952,6,ë‹¬ë ¤ë¼ ë²„ìŠ¤ Dalida Bus;LCK Tiáº¿ng Viá»‡t;OndÅ™ej Kruml
2025-09-09,neoguri,2025-09-13,1,1528,12,0,Orangemiya ì˜¤ë Œì§€ë¯¸ì•¼
2025-09-09,milkis,2025-09-13,3,8225,30,0,SahabatSelamanyaTV;gonniels 7881  ğŸ‡®ğŸ‡©;â˜†Milkis â˜†
2025-09-09,pepero,2025-09-13,9,44559,3472,196,El lado izquierdo EspaÃ±a;FELIXâ™¥ï¸ LOVES â™¥ï¸ STAYS;Anam khan
2025-09-10,toomba,2025-09-13,0,0,0,0,
2025-09-12,nongshim,2025-09-13,10,981540,136,15,ë†ì‹¬ nongshim;Feureau's Laboratory;Immy
2025-09-11,beksul,2025-09-13,0,0,0,0,
2025-09-12,kyochon,2025-09-13,1,995,35,1,chocolatesuze
2025-09-12,kooksoondang,2025-09-13,0,0,0,0,
2025-09-12,jinro,2025-09-13,2,966,5,1,Colors Craft Corner;Yáº¿n Hichii
2025-09-12,jin ramen,2025-09-13,5,5267,26,5,Mukbang with JOLINA ğŸŒ»;íŒ©íŠ¸ë¡œ;Chandra Chapagain
2025-09-12,havmor,2025-09-13,4,39483,879,3,Abhishek Bhide;Varun Singh ;TRNDKB
2025-09-12,emart,2025-09-13,9,2202,22,6,ğ‘†;HCM Media;RANGS eMART
2025-09-12,lotte choco pie,2025-09-13,9,1525520,10488,2,Yes Blondy;Simran chocolate ğŸ«;Sana's Creation
2025-09-12,dongwon tuna,2025-09-13,0,0,0,0,
2025-09-12,chilsung,2025-09-13,0,0,0,0,
2025-09-12,chapagetti,2025-09-13,6,22053,260,3,ì•„ì˜¹ì´ ì™€êµ¬ì™€êµ¬ ğŸ£ & ëª½ëª½ì´ ëƒ ëƒ  ğŸ—;Foodie Arjun;Hangry K- Food
2025-09-12,buldak,2025-09-13,222,2703710,28217,917,mamah!;Pinmook Shorts;Scarle Yonaguni ã€NIJISANJI ENã€‘
2025-09-12,bristol farms,2025-09-13,0,0,0,0,
2025-09-12,binggrae,2025-09-13,0,0,0,0,
2025-09-12,bibigo,2025-09-13,9,7127,68,13,Funny family Mr. Dong;Viwantstoknow;GETREADY WITH DIA
2025-09-12,daesang,2025-09-13,2,13908,406,7,S-DRAGON;ONCEinalifetime
2025-09-12,beksul,2025-09-13,0,0,0,0,
2025-09-12,lotte mart,2025-09-13,12,5835,66,5,NhÃ  Äáº¥t Nguyá»…n DÆ°Æ¡ng #bannhagovap #bannhatanbinh;LOTTE MART Indonesia;Thá»§y House - NhÃ  Ä‘áº¹p GÃ² Váº¥p - Quáº­n 12 & Trung tÃ¢m
2025-09-12,melona,2025-09-13,4,1390,31,1,Nothing But Nat;Newborn Monkey 2025;jovitha ğŸ˜
2025-09-12,starkist,2025-09-13,0,0,0,0,
2025-09-09,beksul,2025-09-13,0,0,0,0,
2025-09-12,shin ramen,2025-09-13,18,157487,939,30,ğŸ¥³ Eatwithhendri;Hungry Panda ğŸ¼;Immy
2025-09-12,sempio,2025-09-13,3,12765,387,145,EIZEN;Misteri del Crimine;IL CANALE DEL LATO OSCURO
2025-09-12,samyang,2025-09-13,75,178654,1182,463,Elfie Studios;khusnawatii;Ening
2025-09-12,samlip,2025-09-13,1,1427,162,3,mschristie
2025-09-12,maxim coffee,2025-09-13,1,969,5,0,Advertising Vietnam
2025-09-12,red baron,2025-09-13,11,3870,278,4,Joey Whispers 1776 ;Lapak Lulu;æ‡ã‹ã—ã®ãŠã‚‚ã¡ã‚ƒãƒãƒ£ãƒ³ãƒãƒ«
2025-09-12,pepero,2025-09-13,11,106229,9077,91,Briart;Check It Out;Anju Goel
2025-09-12,ottogi,2025-09-13,0,0,0,0,
2025-09-12,otoki,2025-09-13,0,0,0,0,
2025-09-12,orion choco pie,2025-09-13,0,0,0,0,
2025-09-12,neoguri,2025-09-13,3,1202,24,6,Pete Laosound ğŸ‡ºğŸ‡¸ ;Laman Brothers;Instant Noodles Mukbang
2025-09-12,milkis,2025-09-13,3,2076,307,18,Cinthia Victoria - ìŠ¹ë¦¬;â˜†Milkis â˜†;LOVE_Milkisâ­
2025-09-12,pulmuone,2025-09-13,0,0,0,0,
2025-09-10,turtle chips,2025-09-13,0,0,0,0,
2025-09-11,turtle chips,2025-09-13,1,19,2,2,The Fochshole
2025-09-11,terra beer,2025-09-13,0,0,0,0,
2025-09-11,kyochon,2025-09-13,0,0,0,0,
2025-09-11,kooksoondang,2025-09-13,0,0,0,0,
2025-09-11,jinro,2025-09-13,7,590,18,3,ANGGIA GIRA;Colors Craft Corner;TheUndergarmentAnimations
2025-09-11,jin ramen,2025-09-13,4,4307,35,6,GEORGETOWN1;K-Food Note;1ì¸ë¶„ ë¨¹ë°©
2025-09-11,havmor,2025-09-13,4,3214,31,2,Havmor Ice Cream;ITACHI UCHIHA 078;TRNDKB
2025-09-11,emart,2025-09-13,13,4932,33,2,Há»®U Má»¸ Äá»–;Nancy Lee;E-MART
2025-09-11,lotte choco pie,2025-09-13,10,86315,141,7,Simran chocolate ğŸ«;YUM YUM CHOCOLATE ;Lemon Work
2025-09-11,dongwon tuna,2025-09-13,1,7433,0,78,ë™ì›F&B(Dongwon)
2025-09-11,chilsung,2025-09-13,0,0,0,0,
2025-09-11,chapagetti,2025-09-13,2,2089,20,2,Yunkongìœ¤ì½©;Eat With Kitten Kitten Li
2025-09-11,buldak,2025-09-13,180,885588,22956,751,ë–µê°œë–µ;Janie DeVours;Curious2Know
2025-09-11,bristol farms,2025-09-13,1,452,8,0,Cat
2025-09-11,binggrae,2025-09-13,1,285,3,2,K FOOD FIGHTERS
2025-09-11,bibigo,2025-09-13,5,3310,166,1,ì‚¬ì™œì‚¬TV ;KRiSTiNAJAY;VÄƒn NhÃ¢n
2025-09-11,daesang,2025-09-13,2,1336,54,0,Justinseagulpaprika97;nitin vlogr
2025-09-11,toomba,2025-09-13,3,17819,522,5,Gisasikdang;mary mochii;K-culture
2025-09-11,lotte mart,2025-09-13,10,10292,86,3,ë”°ë¼ì¡ì•„ê²½ì œ;ë¡¯ë°ë§ˆíŠ¸;Nisha YK
2025-09-11,melona,2025-09-13,1,686,7,0,All category
2025-09-11,starkist,2025-09-13,0,0,0,0,
2025-09-11,shin ramen,2025-09-13,15,115197,2062,34,Hungry Panda ğŸ¼;Mansi Gautam;Areesha Alchemy 
2025-09-11,sempio,2025-09-13,3,28901,2390,719,Ragionevole dubbio;Storie & Cronaca;GOSSIP OGGI NEWS
2025-09-11,samyang,2025-09-13,52,191423,5971,119,Iwik RM30;MAMA GEZA;Faisal Hadi
2025-09-11,samlip,2025-09-13,0,0,0,0,
2025-09-11,red baron,2025-09-13,12,6779,107,13,Jack Beatrici;shela gemstone;petak gemstone pacitan
2025-09-11,maxim coffee,2025-09-13,1,44,3,0,Korea in egypt 
2025-09-11,pulmuone,2025-09-13,1,1805,17,0,LÃ­n thÃ­ch reviu
2025-09-11,ottogi,2025-09-13,0,0,0,0,
2025-09-11,otoki,2025-09-13,3,3317,26,12,ë¼ë©´ì •ë³µìí”¼í‚¤(ë¼ë©´ í‰ë¡ ê°€ ì§€ì˜ì¤€);Instant Noodles Mukbang;Diffs studio.
2025-09-11,orion choco pie,2025-09-13,3,9042,79,3,It's nikki aarohi;Jane Sound Video ASMR..20;DailyDose with P-NUT-S
2025-09-11,nongshim,2025-09-13,14,29546,339,58,NS RedForce;ë‹¬ë ¤ë¼ ë²„ìŠ¤ Dalida Bus;Nongshim USA
2025-09-11,neoguri,2025-09-13,1,7,4,0,Instant Noodles Mukbang
2025-09-11,milkis,2025-09-13,1,640,0,0,Samraat Reviews
2025-09-11,pepero,2025-09-13,8,7694,95,25,æ™®é€šã®äºº normal person;Rialovev ğŸ’œ Entertainment;It'sYaGirl Ravenxus
2025-09-08,turtle chips,2025-09-13,0,0,0,0,
2025-09-11,lotte mart,2025-09-12,10,7166,73,3,ë”°ë¼ì¡ì•„ê²½ì œ;ë¡¯ë°ë§ˆíŠ¸;Nisha YK
2025-09-08,terra beer,2025-09-13,0,0,0,0,
2025-09-12,jin ramen,2025-09-12,5,5024,22,3,Mukbang with JOLINA ğŸŒ»;íŒ©íŠ¸ë¡œ;Chandra Chapagain
2025-09-12,havmor,2025-09-12,4,3505,122,1,Abhishek Bhide;Varun Singh ;TRNDKB
2025-09-12,emart,2025-09-12,9,1862,19,5,HCM Media;ğ‘†;RANGS eMART
2025-09-12,dongwon tuna,2025-09-12,0,0,0,0,
2025-09-12,daesang,2025-09-12,2,5290,231,2,S-DRAGON;ONCEinalifetime
2025-09-12,chilsung,2025-09-12,0,0,0,0,
2025-09-12,jinro,2025-09-12,2,969,5,1,Colors Craft Corner;Yáº¿n Hichii
2025-09-12,chapagetti,2025-09-12,6,2332,30,3,ì•„ì˜¹ì´ ì™€êµ¬ì™€êµ¬ ğŸ£ & ëª½ëª½ì´ ëƒ ëƒ  ğŸ—;Foodie Arjun;mary mochii
2025-09-12,bristol farms,2025-09-12,0,0,0,0,
2025-09-12,binggrae,2025-09-12,0,0,0,0,
2025-09-12,bibigo,2025-09-12,9,6732,61,7,Funny family Mr. Dong;Viwantstoknow;GETREADY WITH DIA
2025-09-11,turtle chips,2025-09-12,1,19,2,2,The Fochshole
2025-09-11,toomba,2025-09-12,3,8066,249,2,mary mochii;Gisasikdang;K-culture
2025-09-11,shin ramen,2025-09-12,15,87838,1575,19,Hungry Panda ğŸ¼;Mansi Gautam;Bubble Maan
2025-09-12,buldak,2025-09-12,222,817636,11560,545,Scarle Yonaguni ã€NIJISANJI ENã€‘;mamah!;Pinmook Shorts
2025-09-11,sempio,2025-09-12,3,28081,2356,719,Ragionevole dubbio;Storie & Cronaca;GOSSIP OGGI NEWS
2025-09-12,kooksoondang,2025-09-12,0,0,0,0,
2025-09-12,lotte choco pie,2025-09-12,9,352645,2709,2,Yes Blondy;Simran chocolate ğŸ«;Sana's Creation
2025-09-12,samyang,2025-09-12,75,92662,766,294,Elfie Studios;khusnawatii;ì‚¼ì–‘ê·¸ë£¹
2025-09-12,samlip,2025-09-12,1,784,62,2,mschristie
2025-09-12,red baron,2025-09-12,11,3645,266,3,Joey Whispers 1776 ;Lapak Lulu;æ‡ã‹ã—ã®ãŠã‚‚ã¡ã‚ƒãƒãƒ£ãƒ³ãƒãƒ«
2025-09-12,pulmuone,2025-09-12,0,0,0,0,
2025-09-12,pepero,2025-09-12,11,45112,4257,64,Briart;Check It Out;Anju Goel
2025-09-12,ottogi,2025-09-12,0,0,0,0,
2025-09-12,kyochon,2025-09-12,1,916,25,0,chocolatesuze
2025-09-12,otoki,2025-09-12,0,0,0,0,
2025-09-12,nongshim,2025-09-12,10,458313,100,9,ë†ì‹¬ nongshim;Feureau's Laboratory;Immy
2025-09-12,neoguri,2025-09-12,3,277,8,3,Pete Laosound ğŸ‡ºğŸ‡¸ ;Laman Brothers;Instant Noodles Mukbang
2025-09-12,milkis,2025-09-12,3,1494,253,18,Cinthia Victoria - ìŠ¹ë¦¬;â˜†Milkis â˜†;LOVE_Milkisâ­
2025-09-12,melona,2025-09-12,4,1128,23,1,Nothing But Nat;Newborn Monkey 2025;TORAF
2025-09-12,maxim coffee,2025-09-12,1,872,5,0,Advertising Vietnam
2025-09-12,lotte mart,2025-09-12,12,4745,45,4,NhÃ  Äáº¥t Nguyá»…n DÆ°Æ¡ng #bannhagovap #bannhatanbinh;Thá»§y House - NhÃ  Ä‘áº¹p GÃ² Váº¥p - Quáº­n 12 & Trung tÃ¢m;LOTTE MART Indonesia
2025-09-12,orion choco pie,2025-09-12,0,0,0,0,
2025-09-12,sempio,2025-09-12,3,8634,327,62,EIZEN;IL CANALE DEL LATO OSCURO;Misteri del Crimine
2025-09-11,samyang,2025-09-12,52,154176,4309,85,Iwik RM30;MAMA GEZA;Faisal Hadi
2025-09-11,red baron,2025-09-12,12,6208,101,12,Jack Beatrici;shela gemstone;petak gemstone pacitan
2025-09-11,daesang,2025-09-12,2,1124,42,0,Justinseagulpaprika97;nitin vlogr
2025-09-11,chilsung,2025-09-12,0,0,0,0,
2025-09-11,chapagetti,2025-09-12,2,1653,17,2,Yunkongìœ¤ì½©;Eat With Kitten Kitten Li
2025-09-11,buldak,2025-09-12,180,676281,18664,659,ë–µê°œë–µ;Curious2Know;Janie DeVours
2025-09-11,bristol farms,2025-09-12,1,440,6,0,Cat
2025-09-11,binggrae,2025-09-12,1,279,3,2,K FOOD FIGHTERS
2025-09-11,dongwon tuna,2025-09-12,1,6297,0,69,ë™ì›F&B(Dongwon)
2025-09-11,bibigo,2025-09-12,5,2776,160,1,ì‚¬ì™œì‚¬TV ;KRiSTiNAJAY;VÄƒn NhÃ¢n
2025-09-10,toomba,2025-09-12,0,0,0,0,
2025-09-10,shin ramen,2025-09-12,0,0,0,0,
2025-09-10,sempio,2025-09-12,0,0,0,0,
2025-09-10,samyang,2025-09-12,0,0,0,0,
2025-09-10,samlip,2025-09-12,0,0,0,0,
2025-09-12,terra beer,2025-09-13,0,0,0,0,
2025-09-10,turtle chips,2025-09-12,0,0,0,0,
2025-09-11,samlip,2025-09-12,0,0,0,0,
2025-09-11,emart,2025-09-12,13,4418,32,2,Há»®U Má»¸ Äá»–;Nancy Lee;E-MART
2025-09-11,jin ramen,2025-09-12,4,4056,33,6,GEORGETOWN1;K-Food Note;1ì¸ë¶„ ë¨¹ë°©
2025-09-11,pulmuone,2025-09-12,1,1795,17,0,LÃ­n thÃ­ch reviu
2025-09-11,pepero,2025-09-12,8,5771,82,22,æ™®é€šã®äºº normal person;Rialovev ğŸ’œ Entertainment;It'sYaGirl Ravenxus
2025-09-11,ottogi,2025-09-12,0,0,0,0,
2025-09-11,otoki,2025-09-12,3,3133,24,12,ë¼ë©´ì •ë³µìí”¼í‚¤(ë¼ë©´ í‰ë¡ ê°€ ì§€ì˜ì¤€);Instant Noodles Mukbang;Diffs studio.
2025-09-11,orion choco pie,2025-09-12,3,5123,53,3,It's nikki aarohi;Jane Sound Video ASMR..20;DailyDose with P-NUT-S
2025-09-11,nongshim,2025-09-12,14,22072,277,53,NS RedForce;ë‹¬ë ¤ë¼ ë²„ìŠ¤ Dalida Bus;Nongshim USA
2025-09-11,havmor,2025-09-12,4,2315,27,2,Havmor Ice Cream;ITACHI UCHIHA 078;TRNDKB
2025-09-11,neoguri,2025-09-12,1,6,3,0,Instant Noodles Mukbang
2025-09-11,melona,2025-09-12,1,685,7,0,All category
2025-09-11,maxim coffee,2025-09-12,1,41,3,0,Korea in egypt 
2025-09-11,lotte choco pie,2025-09-12,10,55927,98,6,Simran chocolate ğŸ«;YUM YUM CHOCOLATE ;Lemon Work
2025-09-11,kyochon,2025-09-12,0,0,0,0,
2025-09-11,kooksoondang,2025-09-12,0,0,0,0,
2025-09-11,jinro,2025-09-12,7,388,16,3,ANGGIA GIRA;Colors Craft Corner;TheUndergarmentAnimations
2025-09-11,milkis,2025-09-12,1,625,0,0,Samraat Reviews
2025-09-12,shin ramen,2025-09-12,18,75577,502,24,ğŸ¥³ Eatwithhendri;Hungry Panda ğŸ¼;Immy
2025-09-12,toomba,2025-09-12,6,5387,37,1,Michelle Tang;Prachi Aggarwal;My Aim is to be happy
2025-09-12,turtle chips,2025-09-12,1,1593,8,0,Pierre and Family Adventures
2025-09-08,kyochon,2025-09-13,0,0,0,0,
2025-09-08,kooksoondang,2025-09-13,0,0,0,0,
2025-09-08,jinro,2025-09-13,0,0,0,0,
2025-09-08,jin ramen,2025-09-13,0,0,0,0,
2025-09-08,havmor,2025-09-13,0,0,0,0,
2025-09-08,emart,2025-09-13,0,0,0,0,
2025-09-08,lotte choco pie,2025-09-13,0,0,0,0,
2025-09-08,dongwon tuna,2025-09-13,0,0,0,0,
2025-09-08,chilsung,2025-09-13,0,0,0,0,
2025-09-08,chapagetti,2025-09-13,0,0,0,0,
2025-09-08,buldak,2025-09-13,0,0,0,0,
2025-09-08,bristol farms,2025-09-13,0,0,0,0,
2025-09-08,binggrae,2025-09-13,0,0,0,0,
2025-09-08,bibigo,2025-09-13,0,0,0,0,
2025-09-08,daesang,2025-09-13,0,0,0,0,
2025-09-08,beksul,2025-09-13,0,0,0,0,
2025-09-08,lotte mart,2025-09-13,0,0,0,0,
2025-09-08,melona,2025-09-13,0,0,0,0,
2025-09-08,starkist,2025-09-13,0,0,0,0,
2025-09-08,shin ramen,2025-09-13,0,0,0,0,
2025-09-08,sempio,2025-09-13,0,0,0,0,
2025-09-08,samyang,2025-09-13,0,0,0,0,
2025-09-08,samlip,2025-09-13,0,0,0,0,
2025-09-08,red baron,2025-09-13,0,0,0,0,
2025-09-08,maxim coffee,2025-09-13,0,0,0,0,
2025-09-08,pulmuone,2025-09-13,0,0,0,0,
2025-09-08,ottogi,2025-09-13,0,0,0,0,
2025-09-08,otoki,2025-09-13,0,0,0,0,
2025-09-08,orion choco pie,2025-09-13,0,0,0,0,
2025-09-08,nongshim,2025-09-13,0,0,0,0,
2025-09-08,neoguri,2025-09-13,0,0,0,0,
2025-09-08,milkis,2025-09-13,0,0,0,0,
2025-09-08,pepero,2025-09-13,0,0,0,0,
2025-09-07,turtle chips,2025-09-13,0,0,0,0,
2025-09-07,toomba,2025-09-13,0,0,0,0,
2025-09-07,terra beer,2025-09-13,0,0,0,0,
2025-09-07,kooksoondang,2025-09-13,0,0,0,0,
2025-09-07,jinro,2025-09-13,0,0,0,0,
2025-09-07,jin ramen,2025-09-13,0,0,0,0,
2025-09-07,havmor,2025-09-13,0,0,0,0,
2025-09-07,emart,2025-09-13,0,0,0,0,
2025-09-07,dongwon tuna,2025-09-13,0,0,0,0,
2025-09-07,kyochon,2025-09-13,0,0,0,0,
2025-09-07,daesang,2025-09-13,0,0,0,0,
2025-09-07,chapagetti,2025-09-13,0,0,0,0,
2025-09-07,buldak,2025-09-13,0,0,0,0,
2025-09-07,bristol farms,2025-09-13,0,0,0,0,
2025-09-07,binggrae,2025-09-13,0,0,0,0,
2025-09-07,bibigo,2025-09-13,0,0,0,0,
2025-09-07,beksul,2025-09-13,0,0,0,0,
2025-09-07,chilsung,2025-09-13,0,0,0,0,
2025-09-07,lotte choco pie,2025-09-13,0,0,0,0,
2025-09-07,lotte mart,2025-09-13,0,0,0,0,
2025-09-07,maxim coffee,2025-09-13,0,0,0,0,
2025-09-07,starkist,2025-09-13,0,0,0,0,
2025-09-07,shin ramen,2025-09-13,0,0,0,0,
2025-09-07,sempio,2025-09-13,0,0,0,0,
2025-09-07,samyang,2025-09-13,0,0,0,0,
2025-09-07,samlip,2025-09-13,0,0,0,0,
2025-09-07,red baron,2025-09-13,0,0,0,0,
2025-09-07,pulmuone,2025-09-13,0,0,0,0,
2025-09-07,pepero,2025-09-13,0,0,0,0,
2025-09-07,ottogi,2025-09-13,0,0,0,0,
2025-09-07,otoki,2025-09-13,0,0,0,0,
2025-09-07,orion choco pie,2025-09-13,0,0,0,0,
2025-09-07,nongshim,2025-09-13,0,0,0,0,
2025-09-07,neoguri,2025-09-13,0,0,0,0,
2025-09-07,milkis,2025-09-13,0,0,0,0,
2025-09-07,melona,2025-09-13,0,0,0,0,
2025-09-08,toomba,2025-09-13,0,0,0,0,
2025-09-12,toomba,2025-09-13,6,9158,66,8,Prachi Aggarwal;Michelle Tang;Koreabylocal.travel
2025-09-13,red baron,2025-09-14,11,3908,130,22,Old Man Diecast;History Quiz Channel;JGM batmÃ³vel
2025-09-13,beksul,2025-09-13,1,857,1,2,í–‰ë³µí•  ë°±ì¡°ì˜ ê·€ì´Œ ë¼ì´í”„
2025-09-12,lotte choco pie,2025-09-14,9,1963209,13252,2,Yes Blondy;Simran chocolate ğŸ«;Sana's Creation
2025-09-12,kyochon,2025-09-14,1,1031,37,1,chocolatesuze
2025-09-12,kooksoondang,2025-09-14,0,0,0,0,
2025-09-12,jinro,2025-09-14,2,966,5,1,Colors Craft Corner;Yáº¿n Hichii
2025-09-12,jin ramen,2025-09-14,5,5350,26,5,Mukbang with JOLINA ğŸŒ»;íŒ©íŠ¸ë¡œ;Chandra Chapagain
2025-09-12,havmor,2025-09-14,4,52215,1024,4,Abhishek Bhide;Varun Singh ;TRNDKB
2025-09-12,lotte mart,2025-09-14,12,6169,76,5,NhÃ  Äáº¥t Nguyá»…n DÆ°Æ¡ng #bannhagovap #bannhatanbinh;LOTTE MART Indonesia;Thá»§y House - NhÃ  Ä‘áº¹p GÃ² Váº¥p - Quáº­n 12 & Trung tÃ¢m
2025-09-12,emart,2025-09-14,9,2292,26,6,ğ‘†;HCM Media;RANGS eMART
2025-09-12,daesang,2025-09-14,2,15115,439,8,S-DRAGON;ONCEinalifetime
2025-09-12,chilsung,2025-09-14,0,0,0,0,
2025-09-12,chapagetti,2025-09-14,6,30686,660,6,ì•„ì˜¹ì´ ì™€êµ¬ì™€êµ¬ ğŸ£ & ëª½ëª½ì´ ëƒ ëƒ  ğŸ—;Foodie Arjun;Hangry K- Food
2025-09-12,buldak,2025-09-14,222,3443391,34352,998,mamah!;Pinmook Shorts;Scarle Yonaguni ã€NIJISANJI ENã€‘
2025-09-12,bristol farms,2025-09-14,0,0,0,0,
2025-09-12,binggrae,2025-09-14,0,0,0,0,
2025-09-12,dongwon tuna,2025-09-14,0,0,0,0,
2025-09-12,bibigo,2025-09-14,9,7317,69,13,Funny family Mr. Dong;Viwantstoknow;GETREADY WITH DIA
2025-09-12,maxim coffee,2025-09-14,1,978,7,0,Advertising Vietnam
2025-09-12,milkis,2025-09-14,3,2194,314,18,Cinthia Victoria - ìŠ¹ë¦¬;â˜†Milkis â˜†;LOVE_Milkisâ­
2025-09-12,terra beer,2025-09-14,0,0,0,0,
2025-09-12,starkist,2025-09-14,0,0,0,0,
2025-09-12,shin ramen,2025-09-14,18,185382,1100,31,ğŸ¥³ Eatwithhendri;Hungry Panda ğŸ¼;Immy
2025-09-12,sempio,2025-09-14,3,13092,389,148,EIZEN;Misteri del Crimine;IL CANALE DEL LATO OSCURO
2025-09-12,samyang,2025-09-14,75,249132,1994,498,Elfie Studios;khusnawatii;ì‚¼ì–‘ê·¸ë£¹
2025-09-12,samlip,2025-09-14,1,1564,197,3,mschristie
2025-09-12,melona,2025-09-14,4,1564,38,1,Nothing But Nat;Newborn Monkey 2025;jovitha ğŸ˜
2025-09-12,red baron,2025-09-14,11,3923,280,4,Joey Whispers 1776 ;Lapak Lulu;æ‡ã‹ã—ã®ãŠã‚‚ã¡ã‚ƒãƒãƒ£ãƒ³ãƒãƒ«
2025-09-12,pepero,2025-09-14,11,128775,10614,96,Check It Out;Briart;Anju Goel
2025-09-12,ottogi,2025-09-14,0,0,0,0,
2025-09-12,otoki,2025-09-14,0,0,0,0,
2025-09-12,orion choco pie,2025-09-14,0,0,0,0,
2025-09-12,nongshim,2025-09-14,10,1295723,142,17,ë†ì‹¬ nongshim;Immy;Feureau's Laboratory
2025-09-12,neoguri,2025-09-14,3,1370,26,6,Pete Laosound ğŸ‡ºğŸ‡¸ ;Laman Brothers;Instant Noodles Mukbang
2025-09-12,pulmuone,2025-09-14,0,0,0,0,
2025-09-12,toomba,2025-09-14,6,10099,77,8,Prachi Aggarwal;Michelle Tang;Koreabylocal.travel
2025-09-12,beksul,2025-09-14,0,0,0,0,
2025-09-11,toomba,2025-09-14,3,21088,630,5,Gisasikdang;mary mochii;K-culture
2025-09-11,lotte choco pie,2025-09-14,10,93739,165,7,Simran chocolate ğŸ«;YUM YUM CHOCOLATE ;Anvi..Kitchen
2025-09-11,kyochon,2025-09-14,0,0,0,0,
2025-09-11,kooksoondang,2025-09-14,0,0,0,0,
2025-09-11,jinro,2025-09-14,7,605,18,3,ANGGIA GIRA;Colors Craft Corner;TheUndergarmentAnimations
2025-09-11,jin ramen,2025-09-14,4,4322,38,8,GEORGETOWN1;K-Food Note;1ì¸ë¶„ ë¨¹ë°©
2025-09-11,havmor,2025-09-14,4,3393,33,2,Havmor Ice Cream;ITACHI UCHIHA 078;TRNDKB
2025-09-11,lotte mart,2025-09-14,10,11810,88,3,ë”°ë¼ì¡ì•„ê²½ì œ;ë¡¯ë°ë§ˆíŠ¸;Nisha YK
2025-09-11,emart,2025-09-14,13,5058,33,2,Há»®U Má»¸ Äá»–;Nancy Lee;E-MART
2025-09-11,daesang,2025-09-14,2,1350,55,0,Justinseagulpaprika97;nitin vlogr
2025-09-11,chilsung,2025-09-14,0,0,0,0,
2025-09-11,chapagetti,2025-09-14,2,2112,20,2,Yunkongìœ¤ì½©;Eat With Kitten Kitten Li
2025-09-11,buldak,2025-09-14,180,959116,24071,778,ë–µê°œë–µ;Janie DeVours;ë°•í™ Bakkong
2025-09-11,bristol farms,2025-09-14,1,454,8,0,Cat
2025-09-11,binggrae,2025-09-14,1,285,3,2,K FOOD FIGHTERS
2025-09-11,dongwon tuna,2025-09-14,1,7815,0,79,ë™ì›F&B(Dongwon)
2025-09-11,turtle chips,2025-09-14,1,19,2,2,The Fochshole
2025-09-11,maxim coffee,2025-09-14,1,44,3,0,Korea in egypt 
2025-09-11,milkis,2025-09-14,1,640,0,0,Samraat Reviews
2025-09-11,terra beer,2025-09-14,0,0,0,0,
2025-09-11,starkist,2025-09-14,0,0,0,0,
2025-09-11,shin ramen,2025-09-14,15,123401,2194,37,Hungry Panda ğŸ¼;Mansi Gautam;Areesha Alchemy 
2025-09-11,sempio,2025-09-14,3,29053,2399,720,Ragionevole dubbio;Storie & Cronaca;GOSSIP OGGI NEWS
2025-09-11,samyang,2025-09-14,52,198807,6216,134,Iwik RM30;MAMA GEZA;Faisal Hadi
2025-09-11,samlip,2025-09-14,0,0,0,0,
2025-09-11,melona,2025-09-14,1,687,11,0,All category
2025-09-11,red baron,2025-09-14,12,6830,107,13,Jack Beatrici;shela gemstone;petak gemstone pacitan
2025-09-11,pepero,2025-09-14,8,8334,101,28,æ™®é€šã®äºº normal person;Rialovev ğŸ’œ Entertainment;It'sYaGirl Ravenxus
2025-09-11,ottogi,2025-09-14,0,0,0,0,
2025-09-11,otoki,2025-09-14,3,3332,26,12,ë¼ë©´ì •ë³µìí”¼í‚¤(ë¼ë©´ í‰ë¡ ê°€ ì§€ì˜ì¤€);Instant Noodles Mukbang;Diffs studio.
2025-09-11,orion choco pie,2025-09-14,3,9538,82,3,It's nikki aarohi;Jane Sound Video ASMR..20;DailyDose with P-NUT-S
2025-09-11,nongshim,2025-09-14,14,33495,366,58,NS RedForce;ë‹¬ë ¤ë¼ ë²„ìŠ¤ Dalida Bus;Nongshim USA
2025-09-11,neoguri,2025-09-14,1,7,4,0,Instant Noodles Mukbang
2025-09-11,pulmuone,2025-09-14,1,1807,18,1,LÃ­n thÃ­ch reviu
2025-09-11,bibigo,2025-09-14,5,2572,169,1,ì‚¬ì™œì‚¬TV ;KRiSTiNAJAY;VÄƒn NhÃ¢n
2025-09-12,turtle chips,2025-09-14,1,1609,7,0,Pierre and Family Adventures
2025-09-13,bibigo,2025-09-14,9,3131,167,165,Tela Tv;Auntie Cheryl's Kitchen Manners;Fedha tv show
2025-09-14,lotte choco pie,2025-09-14,7,60521,1086,10,ASMR_cook_official;Julee ki rashoi;Lotte Choco Pie
2025-09-14,kyochon,2025-09-14,2,425,5,0,åƒè´§èƒ–å¦‡m3ié©¾åˆ°;mharifmzin
2025-09-14,kooksoondang,2025-09-14,0,0,0,0,
2025-09-14,jinro,2025-09-14,4,6995,23,0,ãƒ‹ãƒ£ãƒŸ@JiNRO PRESS;ã„ã‚‚ã™ã‘;ãŠã—ã‚…ã‚“
2025-09-14,jin ramen,2025-09-14,9,17625,127,7,DumDum;Travel and life with Tanu;Poonam Saroj 
2025-09-14,havmor,2025-09-14,7,3165,42,6,Nidhi_Mishra 7125;DeepakJi@3;YogaGuruRaghuji
2025-09-14,lotte mart,2025-09-14,10,39102,221,3,í•˜í•˜í•˜ë¸Œë¼ë”ìŠ¤-í•˜ë¸Œ(HAB);HÃ  LiÃªm Official;ì˜ì‚ì•„ Sophia
2025-09-14,emart,2025-09-14,16,5451,37,5,fizifamily Channel;ë”°ë¼ì¡ì•„ê²½ì œ;BaÌn NhaÌ€ GoÌ€ VÃ¢Ìp - 24hr NhÃ  Äáº¹p GÃ² Váº¥p
2025-09-14,daesang,2025-09-14,1,7,0,0,V.I.P
2025-09-14,chilsung,2025-09-14,0,0,0,0,
2025-09-14,chapagetti,2025-09-14,4,3568,46,2,à¹‚à¸®à¸¡à¸µà¹ˆ à¹à¸Ÿà¸¡à¸´à¸¥à¸µà¹ˆ ;ì–´ë²™ëƒ ì´;mary mochii
2025-09-14,buldak,2025-09-14,266,1032361,45240,1378,Tommy Winkler;Jas & Kam Reviews;aimschia
2025-09-14,bristol farms,2025-09-14,0,0,0,0,
2025-09-14,binggrae,2025-09-14,0,0,0,0,
2025-09-14,dongwon tuna,2025-09-14,0,0,0,0,
2025-09-14,bibigo,2025-09-14,4,242,20,35,Randy The Wild Horse;BapTable;ê±´ê°•ë°ì´
2025-09-14,maxim coffee,2025-09-14,0,0,0,0,
2025-09-14,milkis,2025-09-14,7,545,16,13,â˜…ğ“œğ“²ğ“µğ“´ğ“²ğ“¼â˜…;â˜†Milkis â˜†;ĞĞ°Ğ¼ÑÑƒğŸ’–
2025-09-14,terra beer,2025-09-14,0,0,0,0,
2025-09-14,starkist,2025-09-14,0,0,0,0,
2025-09-14,shin ramen,2025-09-14,15,548775,22863,477,Stoney Choi;Ash and Aansh Show;Hungry Panda ğŸ¼
2025-09-14,sempio,2025-09-14,5,39829,3100,870,Nicola Castellano;Ragionevole dubbio;GOSSIP ITALIA 24
2025-09-14,samyang,2025-09-14,66,256634,13220,239,Gaby Jovita;Adi Dharma;Jon's Snacking Time
2025-09-14,samlip,2025-09-14,0,0,0,0,
2025-09-14,melona,2025-09-14,10,6061,69,4,Wildlife Troop TV;ĞĞ»ĞµĞ½Ğ° Ğ² ĞÑ–Ğ´ĞµÑ€Ğ»Ğ°Ğ½Ğ´Ğ°Ñ… | Life Abroad;Naygel.VastorRaps
2025-09-14,red baron,2025-09-14,7,2958,31,6,petak gemstone pacitan;Danny Carnicle;Visionary Injection TV
2025-09-14,pepero,2025-09-14,8,4445,79,25,Toca Cherry DğŸ’;Coco Manuel;Xavigil Film
2025-09-14,ottogi,2025-09-14,0,0,0,0,
2025-09-14,otoki,2025-09-14,0,0,0,0,
2025-09-14,orion choco pie,2025-09-14,0,0,0,0,
2025-09-14,nongshim,2025-09-14,11,130464,520,17,Jon's Snacking Time;ë‹¬ë ¤ë¼ ë²„ìŠ¤ Dalida Bus;í•˜í•˜í•˜ë¸Œë¼ë”ìŠ¤-í•˜ë¸Œ(HAB)
2025-09-14,neoguri,2025-09-14,3,1743,20,0,mn_cooking;ìœ°ì§±
2025-09-14,pulmuone,2025-09-14,0,0,0,0,
2025-09-13,beksul,2025-09-14,1,861,1,2,í–‰ë³µí•  ë°±ì¡°ì˜ ê·€ì´Œ ë¼ì´í”„
2025-09-14,beksul,2025-09-14,0,0,0,0,
2025-09-13,toomba,2025-09-14,2,26298,3322,16,EIKEIKEAT;ê°•í˜œë¼TV
2025-09-13,lotte choco pie,2025-09-14,11,21658,146,11,Kashvi's life;HiddenFunFactory;D K M VLOGS 
2025-09-13,kyochon,2025-09-14,0,0,0,0,
2025-09-13,kooksoondang,2025-09-14,0,0,0,0,
2025-09-13,jinro,2025-09-14,0,0,0,0,
2025-09-13,jin ramen,2025-09-14,6,20195,1429,20,Doni Kim;Angie & Ninay;eyuckin 0604
2025-09-13,havmor,2025-09-14,3,1129,16,6,@SimplÃ«Corner;Yummy_Yummy;Jeel food vloges 
2025-09-13,lotte mart,2025-09-14,23,10269,75,6,LOTTE Mart ONLINE;Cuá»™c Sá»‘ng á»Ÿ Má»¹ - tiá»ƒu bang New York & Florida;Lovetravel
2025-09-13,emart,2025-09-14,11,33631,465,24,í•˜ë£¨ì„¸ë¼ daily meals;CÃ¹ng Äi Vi Vu;Thá»§y House - NhÃ  Ä‘áº¹p GÃ² Váº¥p - Quáº­n 12 & Trung tÃ¢m
2025-09-13,daesang,2025-09-14,2,35285,2874,81,@its_pankhi;kiyomibaekgu â™¡
2025-09-13,chilsung,2025-09-14,0,0,0,0,
2025-09-13,chapagetti,2025-09-14,7,201207,6851,22,Nibbles-ASMR;MÃ­a Scherbatsky;MÃ­a
2025-09-13,buldak,2025-09-14,218,1200816,32885,815,Himali Foodie;aimschia;Elizabeth The Polish Mama
2025-09-13,bristol farms,2025-09-14,0,0,0,0,
2025-09-13,binggrae,2025-09-14,1,1005,6,0,K-POP Foods PH
2025-09-13,dongwon tuna,2025-09-14,0,0,0,0,
2025-09-13,turtle chips,2025-09-14,0,0,0,0,
2025-09-13,maxim coffee,2025-09-14,0,0,0,0,
2025-09-13,milkis,2025-09-14,5,6826,58,18,â˜…ğ“œğ“²ğ“µğ“´ğ“²ğ“¼â˜…;Beta Cooks Mummy Khush ;bloxy_heat
2025-09-13,terra beer,2025-09-14,1,1255,9,1,midnight bites 
2025-09-13,starkist,2025-09-14,1,342,0,0,The Big Brian Show
2025-09-13,shin ramen,2025-09-14,19,204414,5094,55,EIKEIKEAT;MoneyAnd;Hungry Panda ğŸ¼
2025-09-13,sempio,2025-09-14,5,35891,2610,943,Ragionevole dubbio;Marco Puggini;EIZEN
2025-09-13,samyang,2025-09-14,78,538633,19371,320,KelvanH;Adi Dharma;Tina Mini Cooking
2025-09-13,samlip,2025-09-14,1,1508,7,0,LIV_VIEW
2025-09-13,melona,2025-09-14,2,17,2,0,Vanilla;AmelLianeğŸŒºğŸ­
2025-09-10,red baron,2025-09-12,0,0,0,0,
2025-09-13,pepero,2025-09-14,2,2339,18,0,Remix tv;The HY
2025-09-13,ottogi,2025-09-14,0,0,0,0,
2025-09-13,otoki,2025-09-14,2,7111,16,5,Daehee Lee;Otoki Viá»‡t Nam
2025-09-13,orion choco pie,2025-09-14,0,0,0,0,
2025-09-13,nongshim,2025-09-14,13,153789,606,17,ë‹¬ë ¤ë¼ ë²„ìŠ¤ Dalida Bus;judy kim;BusyGamersOfficial
2025-09-13,neoguri,2025-09-14,3,1631,19,0,Instant Noodles Mukbang;Huasma
2025-09-13,pulmuone,2025-09-14,0,0,0,0,
2025-09-11,beksul,2025-09-14,0,0,0,0,
2025-09-10,turtle chips,2025-09-14,0,0,0,0,
2025-09-10,toomba,2025-09-14,0,0,0,0,
2025-09-08,kyochon,2025-09-14,0,0,0,0,
2025-09-08,kooksoondang,2025-09-14,0,0,0,0,
2025-09-08,jinro,2025-09-14,0,0,0,0,
2025-09-08,jin ramen,2025-09-14,0,0,0,0,
2025-09-08,havmor,2025-09-14,0,0,0,0,
2025-09-08,emart,2025-09-14,0,0,0,0,
2025-09-08,lotte choco pie,2025-09-14,0,0,0,0,
2025-09-08,dongwon tuna,2025-09-14,0,0,0,0,
2025-09-08,chilsung,2025-09-14,0,0,0,0,
2025-09-08,chapagetti,2025-09-14,0,0,0,0,
2025-09-08,buldak,2025-09-14,0,0,0,0,
2025-09-08,bristol farms,2025-09-14,0,0,0,0,
2025-09-08,binggrae,2025-09-14,0,0,0,0,
2025-09-08,bibigo,2025-09-14,0,0,0,0,
2025-09-08,daesang,2025-09-14,0,0,0,0,
2025-09-08,beksul,2025-09-14,0,0,0,0,
2025-09-08,lotte mart,2025-09-14,0,0,0,0,
2025-09-08,melona,2025-09-14,0,0,0,0,
2025-09-08,starkist,2025-09-14,0,0,0,0,
2025-09-08,shin ramen,2025-09-14,0,0,0,0,
2025-09-08,sempio,2025-09-14,0,0,0,0,
2025-09-08,samyang,2025-09-14,0,0,0,0,
2025-09-08,samlip,2025-09-14,0,0,0,0,
2025-09-08,red baron,2025-09-14,0,0,0,0,
2025-09-08,maxim coffee,2025-09-14,0,0,0,0,
2025-09-08,pulmuone,2025-09-14,0,0,0,0,
2025-09-08,ottogi,2025-09-14,0,0,0,0,
2025-09-08,otoki,2025-09-14,0,0,0,0,
2025-09-08,orion choco pie,2025-09-14,0,0,0,0,
2025-09-08,nongshim,2025-09-14,0,0,0,0,
2025-09-08,neoguri,2025-09-14,0,0,0,0,
2025-09-08,milkis,2025-09-14,0,0,0,0,
2025-09-08,pepero,2025-09-14,0,0,0,0,
2025-09-08,terra beer,2025-09-14,0,0,0,0,
2025-09-13,turtle chips,2025-09-13,0,0,0,0,
2025-09-13,terra beer,2025-09-13,1,1238,7,0,midnight bites 
2025-09-13,kyochon,2025-09-13,0,0,0,0,
2025-09-13,kooksoondang,2025-09-13,0,0,0,0,
2025-09-13,jinro,2025-09-13,0,0,0,0,
2025-09-13,jin ramen,2025-09-13,6,16324,1158,19,Doni Kim;Angie & Ninay;eyuckin 0604
2025-09-13,havmor,2025-09-13,3,1124,16,6,@SimplÃ«Corner;Yummy_Yummy;Jeel food vloges 
2025-09-13,emart,2025-09-13,11,31044,433,22,í•˜ë£¨ì„¸ë¼ daily meals;CÃ¹ng Äi Vi Vu;Thá»§y House - NhÃ  Ä‘áº¹p GÃ² Váº¥p - Quáº­n 12 & Trung tÃ¢m
2025-09-13,lotte choco pie,2025-09-13,11,17789,119,10,Kashvi's life;D K M VLOGS ;HiddenFunFactory
2025-09-13,dongwon tuna,2025-09-13,0,0,0,0,
2025-09-13,chilsung,2025-09-13,0,0,0,0,
2025-09-13,chapagetti,2025-09-13,7,146385,5212,18,Nibbles-ASMR;MÃ­a Scherbatsky;MÃ­a
2025-09-13,buldak,2025-09-13,218,967564,26900,692,Himali Foodie;aimschia;Elizabeth The Polish Mama
2025-09-13,bristol farms,2025-09-13,0,0,0,0,
2025-09-13,binggrae,2025-09-13,1,997,6,0,K-POP Foods PH
2025-09-13,bibigo,2025-09-13,9,2225,137,118,Tela Tv;Auntie Cheryl's Kitchen Manners;Fedha tv show
2025-09-13,daesang,2025-09-13,2,30659,2649,67,@its_pankhi;kiyomibaekgu â™¡
2025-09-13,toomba,2025-09-13,2,21573,3114,6,EIKEIKEAT;ê°•í˜œë¼TV
2025-09-13,lotte mart,2025-09-13,23,9121,60,6,Cuá»™c Sá»‘ng á»Ÿ Má»¹ - tiá»ƒu bang New York & Florida;Lovetravel;NhÃ  Äáº¥t Ngá»c HÃ¢n
2025-09-13,melona,2025-09-13,2,15,1,0,AmelLianeğŸŒºğŸ­;Vanilla
2025-09-13,starkist,2025-09-13,1,338,0,0,The Big Brian Show
2025-09-13,shin ramen,2025-09-13,19,160114,4628,41,EIKEIKEAT;MoneyAnd;Hungry Panda ğŸ¼
2025-09-13,sempio,2025-09-13,5,32205,2501,898,Ragionevole dubbio;Marco Puggini;EIZEN
2025-09-13,samyang,2025-09-13,78,370599,16871,241,KelvanH;Adi Dharma;Tina Mini Cooking
2025-09-13,samlip,2025-09-13,1,1506,7,0,LIV_VIEW
2025-09-13,red baron,2025-09-13,11,3169,104,16,Old Man Diecast;History Quiz Channel;JGM batmÃ³vel
2025-09-13,maxim coffee,2025-09-13,0,0,0,0,
2025-09-13,pulmuone,2025-09-13,0,0,0,0,
2025-09-13,ottogi,2025-09-13,0,0,0,0,
2025-09-13,otoki,2025-09-13,2,6711,15,4,Daehee Lee;Otoki Viá»‡t Nam
2025-09-13,orion choco pie,2025-09-13,0,0,0,0,
2025-09-13,nongshim,2025-09-13,13,121444,474,15,ë‹¬ë ¤ë¼ ë²„ìŠ¤ Dalida Bus;judy kim;BusyGamersOfficial
2025-09-13,neoguri,2025-09-13,3,1628,17,0,Instant Noodles Mukbang;Huasma
2025-09-13,milkis,2025-09-13,5,6071,55,19,â˜…ğ“œğ“²ğ“µğ“´ğ“²ğ“¼â˜…;Beta Cooks Mummy Khush ;bloxy_heat
2025-09-13,pepero,2025-09-13,2,2322,18,0,Remix tv;The HY
2025-09-08,toomba,2025-09-14,0,0,0,0,
2025-09-08,turtle chips,2025-09-14,0,0,0,0,
2025-09-09,beksul,2025-09-14,0,0,0,0,
2025-09-10,lotte choco pie,2025-09-14,0,0,0,0,
2025-09-10,kyochon,2025-09-14,0,0,0,0,
2025-09-10,kooksoondang,2025-09-14,0,0,0,0,
2025-09-10,jinro,2025-09-14,0,0,0,0,
2025-09-10,jin ramen,2025-09-14,0,0,0,0,
2025-09-10,havmor,2025-09-14,0,0,0,0,
2025-09-10,lotte mart,2025-09-14,0,0,0,0,
2025-09-10,emart,2025-09-14,0,0,0,0,
2025-09-10,daesang,2025-09-14,0,0,0,0,
2025-09-10,chilsung,2025-09-14,0,0,0,0,
2025-09-10,chapagetti,2025-09-14,0,0,0,0,
2025-09-10,buldak,2025-09-14,0,0,0,0,
2025-09-10,bristol farms,2025-09-14,0,0,0,0,
2025-09-10,binggrae,2025-09-14,0,0,0,0,
2025-09-10,dongwon tuna,2025-09-14,0,0,0,0,
2025-09-10,bibigo,2025-09-14,0,0,0,0,
2025-09-10,maxim coffee,2025-09-14,0,0,0,0,
2025-09-10,milkis,2025-09-14,0,0,0,0,
2025-09-10,terra beer,2025-09-14,0,0,0,0,
2025-09-10,starkist,2025-09-14,0,0,0,0,
2025-09-10,shin ramen,2025-09-14,0,0,0,0,
2025-09-10,sempio,2025-09-14,0,0,0,0,
2025-09-10,samyang,2025-09-14,0,0,0,0,
2025-09-10,samlip,2025-09-14,0,0,0,0,
2025-09-10,melona,2025-09-14,0,0,0,0,
2025-09-10,red baron,2025-09-14,0,0,0,0,
2025-09-10,pepero,2025-09-14,0,0,0,0,
2025-09-10,ottogi,2025-09-14,0,0,0,0,
2025-09-10,otoki,2025-09-14,0,0,0,0,
2025-09-10,orion choco pie,2025-09-14,0,0,0,0,
2025-09-10,nongshim,2025-09-14,0,0,0,0,
2025-09-10,neoguri,2025-09-14,0,0,0,0,
2025-09-10,pulmuone,2025-09-14,0,0,0,0,
2025-09-10,beksul,2025-09-14,0,0,0,0,
2025-09-09,turtle chips,2025-09-14,1,245,0,0,Borahae Foodie
2025-09-09,toomba,2025-09-14,2,2578,58,0,Rochelle Cha;Shelflifestory
2025-09-09,kyochon,2025-09-14,1,1560,26,0,Yongry
2025-09-09,kooksoondang,2025-09-14,1,5,1,0,Larin Gracie
2025-09-09,jinro,2025-09-14,1,1208,8,1,pen sophanny
2025-09-09,jin ramen,2025-09-14,6,16652,1113,14,EIKEIKEAT;ArcadeSenseiLive;YUM Eating Mukbang
2025-09-09,havmor,2025-09-14,3,1877,43,1,Smiley2023;Nilam ice dish Gola 1;Cravora
2025-09-09,emart,2025-09-14,5,1709,13,2,Nt Sen;Hyland_ BÃ© Hai nhÃ  phá»‘ HCM.;Buyer's Guide HQ
2025-09-09,lotte choco pie,2025-09-14,10,44567,288,2,YUM YUM CHOCOLATE ;Nandhini Vlogs;SWIN CREATIONS
2025-09-09,dongwon tuna,2025-09-14,0,0,0,0,
2025-09-09,chilsung,2025-09-14,1,12,1,0,Hendra Novi
2025-09-09,chapagetti,2025-09-14,3,4149,51,2,Onigiri 2407;Tasty Combos;GG AI ASMR SOUND
2025-09-09,buldak,2025-09-14,175,2717661,77710,1224,Jiny Maeng;Khawar Ashor;aimschia
2025-09-09,bristol farms,2025-09-14,0,0,0,0,
2025-09-09,binggrae,2025-09-14,3,326364,7390,62,Jon's Snacking Time; OR è¯­éŸ³æ§åˆ¶å®¤;K FOOD FIGHTERS
2025-09-09,bibigo,2025-09-14,10,26166,2467,30,ì¡°ìœ¨í‚¹;ì‚¬ì™œì‚¬TV ;Chuck Chews
2025-09-09,daesang,2025-09-14,2,26021,1045,8,JONGSUKNEWSS;VALOR BANGPINK (AB)
2025-09-09,lotte mart,2025-09-14,8,4471,46,0,LOTTE MART Indonesia;Alsayda humairah;LOTTE MART Vietnam
2025-09-09,maxim coffee,2025-09-14,0,0,0,0,
2025-09-09,melona,2025-09-14,6,3101,41,6,Mukbangs Be Like;Jahnice Vlog;ĞĞ»ĞµĞºÑĞ°Ğ½Ğ´Ñ€ Ğ§ĞµÑ€Ğ½Ñ‹ÑˆĞµĞ²
2025-09-09,terra beer,2025-09-14,0,0,0,0,
2025-09-09,starkist,2025-09-14,0,0,0,0,
2025-09-09,shin ramen,2025-09-14,12,58336,439,32,Rochelle Cha;Bubble Maan;annie antonio
2025-09-09,sempio,2025-09-14,3,26112,945,201,Scopri i segreti dei personaggi famosi;IA DETECTIVE ITALIA;Spettegolando
2025-09-09,samyang,2025-09-14,60,451462,44856,380,Nor Ranita;Khaira Khafi Daily;Adi Dharma
2025-09-09,samlip,2025-09-14,0,0,0,0,
2025-09-09,red baron,2025-09-14,6,3627,58,26,Bloo's Self Reliance;petak gemstone pacitan;TRFxSeries
2025-09-09,pulmuone,2025-09-14,0,0,0,0,
2025-09-09,pepero,2025-09-14,9,44713,3475,197,El lado izquierdo EspaÃ±a;FELIXâ™¥ï¸ LOVES â™¥ï¸ STAYS;Anam khan
2025-09-09,ottogi,2025-09-14,3,15624,1081,8,EIKEIKEAT;ryyeoo;Calliah Vlogs
2025-09-09,otoki,2025-09-14,2,3908,35,0,Nogometna zveza Slovenije;Melissa's Leisures 
2025-09-09,orion choco pie,2025-09-14,3,5593,40,0,marim 012;smeh21vekacom;Stationery Stash Spot 
2025-09-09,nongshim,2025-09-14,10,199157,1067,6,ë‹¬ë ¤ë¼ ë²„ìŠ¤ Dalida Bus;LCK Tiáº¿ng Viá»‡t;OndÅ™ej Kruml
2025-09-09,neoguri,2025-09-14,1,1534,12,0,Orangemiya ì˜¤ë Œì§€ë¯¸ì•¼
2025-09-09,milkis,2025-09-14,3,8254,29,0,SahabatSelamanyaTV;gonniels 7881  ğŸ‡®ğŸ‡©;â˜†Milkis â˜†
2025-09-12,turtle chips,2025-09-13,1,1608,7,0,Pierre and Family Adventures
2025-09-10,pulmuone,2025-09-12,0,0,0,0,
2025-09-09,emart,2025-09-11,5,1638,12,2,Nt Sen;Hyland_ BÃ© Hai nhÃ  phá»‘ HCM.;Buyer's Guide HQ
2025-09-10,ottogi,2025-09-12,0,0,0,0,
2025-09-09,toomba,2025-09-09,2,1306,26,0,Rochelle Cha;Shelflifestory
2025-09-09,shin ramen,2025-09-09,12,20526,234,15,Rochelle Cha;annie antonio;Bubble Maan
2025-09-09,sempio,2025-09-09,3,14208,588,135,Scopri i segreti dei personaggi famosi;IA DETECTIVE ITALIA;Spettegolando
2025-09-09,samyang,2025-09-09,60,148751,8853,223,Nor Ranita;Adi Dharma;Khaira Khafi Daily
2025-09-09,red baron,2025-09-09,6,4474,59,15,Bloo's Self Reliance;petak gemstone pacitan;Raven brickz 
2025-09-09,pepero,2025-09-09,9,25307,2276,136,El lado izquierdo EspaÃ±a;FELIXâ™¥ï¸ LOVES â™¥ï¸ STAYS;The Sujit vlogs58
2025-09-09,turtle chips,2025-09-09,1,262,0,0,Borahae Foodie
2025-09-09,ottogi,2025-09-09,3,3596,284,4,EIKEIKEAT;ryyeoo;Calliah Vlogs
2025-09-09,orion choco pie,2025-09-09,3,3165,25,0,marim 012;smeh21vekacom;Stationery Stash Spot 
2025-09-09,nongshim,2025-09-09,10,26157,185,3,ë‹¬ë ¤ë¼ ë²„ìŠ¤ Dalida Bus;LCK Tiáº¿ng Viá»‡t;OndÅ™ej Kruml
2025-09-09,neoguri,2025-09-09,1,1389,7,0,Orangemiya ì˜¤ë Œì§€ë¯¸ì•¼
2025-09-09,milkis,2025-09-09,3,4366,19,0,SahabatSelamanyaTV;gonniels 7881  ğŸ‡®ğŸ‡©;â˜†Milkis â˜†
2025-09-09,melona,2025-09-09,6,2097,21,4,Mukbangs Be Like;Jahnice Vlog;ĞĞ»ĞµĞºÑĞ°Ğ½Ğ´Ñ€ Ğ§ĞµÑ€Ğ½Ñ‹ÑˆĞµĞ²
2025-09-09,lotte mart,2025-09-09,8,3162,22,0,LOTTE MART Indonesia;Alsayda humairah;Keluarga Wandira
2025-09-09,otoki,2025-09-09,2,3620,34,0,Nogometna zveza Slovenije;Melissa's Leisures 
2025-09-09,lotte choco pie,2025-09-09,10,34628,244,2,YUM YUM CHOCOLATE ;Nandhini Vlogs;Avinash Patel
2025-09-05,bibigo,2025-09-11,0,0,0,0,
2025-09-05,bristol farms,2025-09-11,0,0,0,0,
2025-09-05,maxim coffee,2025-09-11,0,0,0,0,
2025-09-05,lotte mart,2025-09-11,0,0,0,0,
2025-09-05,lotte choco pie,2025-09-11,0,0,0,0,
2025-09-05,kyochon,2025-09-11,0,0,0,0,
2025-09-05,kooksoondang,2025-09-11,0,0,0,0,
2025-09-05,jinro,2025-09-11,0,0,0,0,
2025-09-05,binggrae,2025-09-11,0,0,0,0,
2025-09-05,jin ramen,2025-09-11,0,0,0,0,
2025-09-05,emart,2025-09-11,0,0,0,0,
2025-09-05,dongwon tuna,2025-09-11,0,0,0,0,
2025-09-05,daesang,2025-09-11,0,0,0,0,
2025-09-05,chilsung,2025-09-11,0,0,0,0,
2025-09-05,chapagetti,2025-09-11,0,0,0,0,
2025-09-05,buldak,2025-09-11,0,0,0,0,
2025-09-05,havmor,2025-09-11,0,0,0,0,
2025-09-05,melona,2025-09-11,0,0,0,0,
2025-09-09,kyochon,2025-09-09,1,1470,17,0,Yongry
2025-09-09,jinro,2025-09-09,1,1213,8,1,pen sophanny
2025-09-08,orion choco pie,2025-09-09,0,0,0,0,
2025-09-08,nongshim,2025-09-09,0,0,0,0,
2025-09-08,neoguri,2025-09-09,0,0,0,0,
2025-09-08,milkis,2025-09-09,0,0,0,0,
2025-09-08,melona,2025-09-09,0,0,0,0,
2025-09-08,lotte mart,2025-09-09,0,0,0,0,
2025-09-08,otoki,2025-09-09,0,0,0,0,
2025-09-08,lotte choco pie,2025-09-09,0,0,0,0,
2025-09-08,kooksoondang,2025-09-09,0,0,0,0,
2025-09-08,jinro,2025-09-09,0,0,0,0,
2025-09-08,jin ramen,2025-09-09,0,0,0,0,
2025-09-08,havmor,2025-09-09,0,0,0,0,
2025-09-08,emart,2025-09-09,0,0,0,0,
2025-09-08,daesang,2025-09-09,0,0,0,0,
2025-09-08,kyochon,2025-09-09,0,0,0,0,
2025-09-09,kooksoondang,2025-09-09,1,3,1,0,Larin Gracie
2025-09-08,ottogi,2025-09-09,0,0,0,0,
2025-09-08,red baron,2025-09-09,0,0,0,0,
2025-09-09,jin ramen,2025-09-09,6,4484,309,4,EIKEIKEAT;ArcadeSenseiLive;YUM Eating Mukbang
2025-09-09,havmor,2025-09-09,3,1801,33,0,Smiley2023;Nilam ice dish Gola 1;Cravora
2025-09-09,emart,2025-09-09,5,473,4,2,Nt Sen;Hyland_ BÃ© Hai nhÃ  phá»‘ HCM.;Buyer's Guide HQ
2025-09-09,daesang,2025-09-09,2,8844,381,5,JONGSUKNEWSS;VALOR BANGPINK (AB)
2025-09-09,chilsung,2025-09-09,1,9,1,0,Hendra Novi
2025-09-09,chapagetti,2025-09-09,3,2377,17,2,Onigiri 2407;Tasty Combos;GG AI ASMR SOUND
2025-09-08,pepero,2025-09-09,0,0,0,0,
2025-09-09,buldak,2025-09-09,175,445274,16326,401,Jiny Maeng;Khawar Ashor;aimschia
2025-09-09,bibigo,2025-09-09,10,12036,627,21,ì¡°ìœ¨í‚¹;ì‚¬ì™œì‚¬TV ;Chuck Chews
2025-09-08,turtle chips,2025-09-09,0,0,0,0,
2025-09-08,toomba,2025-09-09,0,0,0,0,
2025-09-08,shin ramen,2025-09-09,0,0,0,0,
2025-09-08,sempio,2025-09-09,0,0,0,0,
2025-09-08,samyang,2025-09-09,0,0,0,0,
2025-09-09,binggrae,2025-09-09,3,86981,2665,34,Jon's Snacking Time; OR è¯­éŸ³æ§åˆ¶å®¤;K FOOD FIGHTERS
2025-09-08,chilsung,2025-09-09,0,0,0,0,
2025-09-05,milkis,2025-09-11,0,0,0,0,
2025-09-05,nongshim,2025-09-11,0,0,0,0,
2025-09-07,daesang,2025-09-11,0,0,0,0,
2025-09-07,chilsung,2025-09-11,0,0,0,0,
2025-09-07,chapagetti,2025-09-11,0,0,0,0,
2025-09-07,buldak,2025-09-11,0,0,0,0,
2025-09-07,bristol farms,2025-09-11,0,0,0,0,
2025-09-07,binggrae,2025-09-11,0,0,0,0,
2025-09-07,dongwon tuna,2025-09-11,0,0,0,0,
2025-09-07,bibigo,2025-09-11,0,0,0,0,
2025-09-06,toomba,2025-09-11,0,0,0,0,
2025-09-06,shin ramen,2025-09-11,0,0,0,0,
2025-09-06,sempio,2025-09-11,0,0,0,0,
2025-09-06,samyang,2025-09-11,0,0,0,0,
2025-09-06,red baron,2025-09-11,0,0,0,0,
2025-09-06,pulmuone,2025-09-11,0,0,0,0,
2025-09-06,turtle chips,2025-09-11,0,0,0,0,
2025-09-06,pepero,2025-09-11,0,0,0,0,
2025-09-07,emart,2025-09-11,0,0,0,0,
2025-09-07,jin ramen,2025-09-11,0,0,0,0,
2025-09-07,pepero,2025-09-11,0,0,0,0,
2025-09-07,ottogi,2025-09-11,0,0,0,0,
2025-09-07,otoki,2025-09-11,0,0,0,0,
2025-09-07,orion choco pie,2025-09-11,0,0,0,0,
2025-09-07,nongshim,2025-09-11,0,0,0,0,
2025-09-07,neoguri,2025-09-11,0,0,0,0,
2025-09-07,havmor,2025-09-11,0,0,0,0,
2025-09-07,milkis,2025-09-11,0,0,0,0,
2025-09-07,maxim coffee,2025-09-11,0,0,0,0,
2025-09-07,lotte mart,2025-09-11,0,0,0,0,
2025-09-07,lotte choco pie,2025-09-11,0,0,0,0,
2025-09-07,kyochon,2025-09-11,0,0,0,0,
2025-09-07,kooksoondang,2025-09-11,0,0,0,0,
2025-09-07,jinro,2025-09-11,0,0,0,0,
2025-09-07,melona,2025-09-11,0,0,0,0,
2025-09-05,neoguri,2025-09-11,0,0,0,0,
2025-09-06,ottogi,2025-09-11,0,0,0,0,
2025-09-06,orion choco pie,2025-09-11,0,0,0,0,
2025-09-06,bristol farms,2025-09-11,0,0,0,0,
2025-09-06,binggrae,2025-09-11,0,0,0,0,
2025-09-06,bibigo,2025-09-11,0,0,0,0,
2025-09-05,turtle chips,2025-09-11,0,0,0,0,
2025-09-05,toomba,2025-09-11,0,0,0,0,
2025-09-05,shin ramen,2025-09-11,0,0,0,0,
2025-09-06,buldak,2025-09-11,0,0,0,0,
2025-09-05,sempio,2025-09-11,0,0,0,0,
2025-09-05,red baron,2025-09-11,0,0,0,0,
2025-09-05,pulmuone,2025-09-11,0,0,0,0,
2025-09-05,pepero,2025-09-11,0,0,0,0,
2025-09-05,ottogi,2025-09-11,0,0,0,0,
2025-09-05,otoki,2025-09-11,0,0,0,0,
2025-09-05,orion choco pie,2025-09-11,0,0,0,0,
2025-09-05,samyang,2025-09-11,0,0,0,0,
2025-09-06,otoki,2025-09-11,0,0,0,0,
2025-09-06,chapagetti,2025-09-11,0,0,0,0,
2025-09-06,daesang,2025-09-11,0,0,0,0,
2025-09-06,nongshim,2025-09-11,0,0,0,0,
2025-09-06,neoguri,2025-09-11,0,0,0,0,
2025-09-06,milkis,2025-09-11,0,0,0,0,
2025-09-06,melona,2025-09-11,0,0,0,0,
2025-09-06,maxim coffee,2025-09-11,0,0,0,0,
2025-09-06,lotte mart,2025-09-11,0,0,0,0,
2025-09-06,chilsung,2025-09-11,0,0,0,0,
2025-09-06,lotte choco pie,2025-09-11,0,0,0,0,
2025-09-06,kooksoondang,2025-09-11,0,0,0,0,
2025-09-06,jinro,2025-09-11,0,0,0,0,
2025-09-06,jin ramen,2025-09-11,0,0,0,0,
2025-09-06,havmor,2025-09-11,0,0,0,0,
2025-09-06,emart,2025-09-11,0,0,0,0,
2025-09-06,dongwon tuna,2025-09-11,0,0,0,0,
2025-09-06,kyochon,2025-09-11,0,0,0,0,
2025-09-08,chapagetti,2025-09-09,0,0,0,0,
2025-09-08,buldak,2025-09-09,0,0,0,0,
2025-09-08,binggrae,2025-09-09,0,0,0,0,
2025-09-04,pepero,2025-09-09,0,0,0,0,
2025-09-04,ottogi,2025-09-09,0,0,0,0,
2025-09-04,otoki,2025-09-09,0,0,0,0,
2025-09-04,orion choco pie,2025-09-09,0,0,0,0,
2025-09-04,nongshim,2025-09-09,0,0,0,0,
2025-09-04,neoguri,2025-09-09,0,0,0,0,
2025-09-04,red baron,2025-09-09,0,0,0,0,
2025-09-04,milkis,2025-09-09,0,0,0,0,
2025-09-04,lotte mart,2025-09-09,0,0,0,0,
2025-09-04,lotte choco pie,2025-09-09,0,0,0,0,
2025-09-04,kyochon,2025-09-09,0,0,0,0,
2025-09-04,kooksoondang,2025-09-09,0,0,0,0,
2025-09-04,jinro,2025-09-09,0,0,0,0,
2025-09-04,jin ramen,2025-09-09,0,0,0,0,
2025-09-04,melona,2025-09-09,0,0,0,0,
2025-09-04,havmor,2025-09-09,0,0,0,0,
2025-09-04,samyang,2025-09-09,0,0,0,0,
2025-09-04,shin ramen,2025-09-09,0,0,0,0,
2025-09-05,kyochon,2025-09-09,0,0,0,0,
2025-09-05,kooksoondang,2025-09-09,0,0,0,0,
2025-09-05,jinro,2025-09-09,0,0,0,0,
2025-09-05,jin ramen,2025-09-09,0,0,0,0,
2025-09-05,havmor,2025-09-09,0,0,0,0,
2025-09-05,emart,2025-09-09,0,0,0,0,
2025-09-04,sempio,2025-09-09,0,0,0,0,
2025-09-05,daesang,2025-09-09,0,0,0,0,
2025-09-05,chapagetti,2025-09-09,0,0,0,0,
2025-09-05,buldak,2025-09-09,0,0,0,0,
2025-09-05,binggrae,2025-09-09,0,0,0,0,
2025-09-05,bibigo,2025-09-09,0,0,0,0,
2025-09-04,turtle chips,2025-09-09,0,0,0,0,
2025-09-04,toomba,2025-09-09,0,0,0,0,
2025-09-05,chilsung,2025-09-09,0,0,0,0,
2025-09-05,lotte choco pie,2025-09-09,0,0,0,0,
2025-09-04,emart,2025-09-09,0,0,0,0,
2025-09-04,chilsung,2025-09-09,0,0,0,0,
2025-09-03,lotte mart,2025-09-09,0,0,0,0,
2025-09-03,lotte choco pie,2025-09-09,0,0,0,0,
2025-09-03,kyochon,2025-09-09,0,0,0,0,
2025-09-03,kooksoondang,2025-09-09,0,0,0,0,
2025-09-03,jinro,2025-09-09,0,0,0,0,
2025-09-03,jin ramen,2025-09-09,0,0,0,0,
2025-09-03,melona,2025-09-09,0,0,0,0,
2025-09-03,havmor,2025-09-09,0,0,0,0,
2025-09-03,daesang,2025-09-09,0,0,0,0,
2025-09-03,chilsung,2025-09-09,0,0,0,0,
2025-09-03,chapagetti,2025-09-09,0,0,0,0,
2025-09-03,buldak,2025-09-09,0,0,0,0,
2025-09-03,binggrae,2025-09-09,0,0,0,0,
2025-09-03,bibigo,2025-09-09,0,0,0,0,
2025-09-03,emart,2025-09-09,0,0,0,0,
2025-09-04,daesang,2025-09-09,0,0,0,0,
2025-09-03,milkis,2025-09-09,0,0,0,0,
2025-09-03,nongshim,2025-09-09,0,0,0,0,
2025-09-04,chapagetti,2025-09-09,0,0,0,0,
2025-09-04,buldak,2025-09-09,0,0,0,0,
2025-09-04,binggrae,2025-09-09,0,0,0,0,
2025-09-04,bibigo,2025-09-09,0,0,0,0,
2025-09-03,turtle chips,2025-09-09,0,0,0,0,
2025-09-03,toomba,2025-09-09,0,0,0,0,
2025-09-03,neoguri,2025-09-09,0,0,0,0,
2025-09-03,shin ramen,2025-09-09,0,0,0,0,
2025-09-03,samyang,2025-09-09,0,0,0,0,
2025-09-03,red baron,2025-09-09,0,0,0,0,
2025-09-03,pepero,2025-09-09,0,0,0,0,
2025-09-03,ottogi,2025-09-09,0,0,0,0,
2025-09-03,otoki,2025-09-09,0,0,0,0,
2025-09-03,orion choco pie,2025-09-09,0,0,0,0,
2025-09-03,sempio,2025-09-09,0,0,0,0,
2025-09-05,lotte mart,2025-09-09,0,0,0,0,
2025-09-05,melona,2025-09-09,0,0,0,0,
2025-09-05,milkis,2025-09-09,0,0,0,0,
2025-09-07,kooksoondang,2025-09-09,0,0,0,0,
2025-09-07,jinro,2025-09-09,0,0,0,0,
2025-09-07,jin ramen,2025-09-09,0,0,0,0,
2025-09-07,havmor,2025-09-09,0,0,0,0,
2025-09-07,emart,2025-09-09,0,0,0,0,
2025-09-07,daesang,2025-09-09,0,0,0,0,
2025-09-07,kyochon,2025-09-09,0,0,0,0,
2025-09-07,chilsung,2025-09-09,0,0,0,0,
2025-09-07,buldak,2025-09-09,0,0,0,0,
2025-09-07,binggrae,2025-09-09,0,0,0,0,
2025-09-07,bibigo,2025-09-09,0,0,0,0,
2025-09-06,turtle chips,2025-09-09,0,0,0,0,
2025-09-06,toomba,2025-09-09,0,0,0,0,
2025-09-06,shin ramen,2025-09-09,0,0,0,0,
2025-09-07,chapagetti,2025-09-09,0,0,0,0,
2025-09-06,sempio,2025-09-09,0,0,0,0,
2025-09-07,lotte choco pie,2025-09-09,0,0,0,0,
2025-09-07,melona,2025-09-09,0,0,0,0,
2025-09-08,bibigo,2025-09-09,0,0,0,0,
2025-09-07,turtle chips,2025-09-09,0,0,0,0,
2025-09-07,toomba,2025-09-09,0,0,0,0,
2025-09-07,shin ramen,2025-09-09,0,0,0,0,
2025-09-07,sempio,2025-09-09,0,0,0,0,
2025-09-07,samyang,2025-09-09,0,0,0,0,
2025-09-07,lotte mart,2025-09-09,0,0,0,0,
2025-09-07,red baron,2025-09-09,0,0,0,0,
2025-09-07,ottogi,2025-09-09,0,0,0,0,
2025-09-07,otoki,2025-09-09,0,0,0,0,
2025-09-07,orion choco pie,2025-09-09,0,0,0,0,
2025-09-07,nongshim,2025-09-09,0,0,0,0,
2025-09-07,neoguri,2025-09-09,0,0,0,0,
2025-09-07,milkis,2025-09-09,0,0,0,0,
2025-09-07,pepero,2025-09-09,0,0,0,0,
2025-09-06,samyang,2025-09-09,0,0,0,0,
2025-09-06,red baron,2025-09-09,0,0,0,0,
2025-09-06,pepero,2025-09-09,0,0,0,0,
2025-09-06,binggrae,2025-09-09,0,0,0,0,
2025-09-06,bibigo,2025-09-09,0,0,0,0,
2025-09-05,turtle chips,2025-09-09,0,0,0,0,
2025-09-05,toomba,2025-09-09,0,0,0,0,
2025-09-05,shin ramen,2025-09-09,0,0,0,0,
2025-09-05,sempio,2025-09-09,0,0,0,0,
2025-09-06,buldak,2025-09-09,0,0,0,0,
2025-09-05,samyang,2025-09-09,0,0,0,0,
2025-09-05,pepero,2025-09-09,0,0,0,0,
2025-09-05,ottogi,2025-09-09,0,0,0,0,
2025-09-05,otoki,2025-09-09,0,0,0,0,
2025-09-05,orion choco pie,2025-09-09,0,0,0,0,
2025-09-05,nongshim,2025-09-09,0,0,0,0,
2025-09-05,neoguri,2025-09-09,0,0,0,0,
2025-09-05,red baron,2025-09-09,0,0,0,0,
2025-09-06,chapagetti,2025-09-09,0,0,0,0,
2025-09-06,chilsung,2025-09-09,0,0,0,0,
2025-09-06,daesang,2025-09-09,0,0,0,0,
2025-09-06,ottogi,2025-09-09,0,0,0,0,
2025-09-06,otoki,2025-09-09,0,0,0,0,
2025-09-06,orion choco pie,2025-09-09,0,0,0,0,
2025-09-06,nongshim,2025-09-09,0,0,0,0,
2025-09-06,neoguri,2025-09-09,0,0,0,0,
2025-09-06,milkis,2025-09-09,0,0,0,0,
2025-09-06,melona,2025-09-09,0,0,0,0,
2025-09-06,lotte mart,2025-09-09,0,0,0,0,
2025-09-06,lotte choco pie,2025-09-09,0,0,0,0,
2025-09-06,kyochon,2025-09-09,0,0,0,0,
2025-09-06,kooksoondang,2025-09-09,0,0,0,0,
2025-09-06,jinro,2025-09-09,0,0,0,0,
2025-09-06,jin ramen,2025-09-09,0,0,0,0,
2025-09-06,havmor,2025-09-09,0,0,0,0,
2025-09-06,emart,2025-09-09,0,0,0,0,
2025-09-07,pulmuone,2025-09-11,0,0,0,0,
2025-09-07,red baron,2025-09-11,0,0,0,0,
2025-09-07,samyang,2025-09-11,0,0,0,0,
2025-09-07,sempio,2025-09-11,0,0,0,0,
2025-09-07,shin ramen,2025-09-12,0,0,0,0,
2025-09-07,sempio,2025-09-12,0,0,0,0,
2025-09-07,samyang,2025-09-12,0,0,0,0,
2025-09-07,samlip,2025-09-12,0,0,0,0,
2025-09-07,red baron,2025-09-12,0,0,0,0,
2025-09-07,pulmuone,2025-09-12,0,0,0,0,
2025-09-07,toomba,2025-09-12,0,0,0,0,
2025-09-07,pepero,2025-09-12,0,0,0,0,
2025-09-07,otoki,2025-09-12,0,0,0,0,
2025-09-07,orion choco pie,2025-09-12,0,0,0,0,
2025-09-07,nongshim,2025-09-12,0,0,0,0,
2025-09-07,neoguri,2025-09-12,0,0,0,0,
2025-09-07,milkis,2025-09-12,0,0,0,0,
2025-09-07,melona,2025-09-12,0,0,0,0,
2025-09-07,ottogi,2025-09-12,0,0,0,0,
2025-09-07,maxim coffee,2025-09-12,0,0,0,0,
2025-09-07,turtle chips,2025-09-12,0,0,0,0,
2025-09-08,binggrae,2025-09-12,0,0,0,0,
2025-09-08,lotte mart,2025-09-12,0,0,0,0,
2025-09-08,lotte choco pie,2025-09-12,0,0,0,0,
2025-09-08,kyochon,2025-09-12,0,0,0,0,
2025-09-08,kooksoondang,2025-09-12,0,0,0,0,
2025-09-08,jinro,2025-09-12,0,0,0,0,
2025-09-08,jin ramen,2025-09-12,0,0,0,0,
2025-09-08,bibigo,2025-09-12,0,0,0,0,
2025-09-08,havmor,2025-09-12,0,0,0,0,
2025-09-08,dongwon tuna,2025-09-12,0,0,0,0,
2025-09-08,daesang,2025-09-12,0,0,0,0,
2025-09-08,chilsung,2025-09-12,0,0,0,0,
2025-09-08,chapagetti,2025-09-12,0,0,0,0,
2025-09-08,buldak,2025-09-12,0,0,0,0,
2025-09-08,bristol farms,2025-09-12,0,0,0,0,
2025-09-08,emart,2025-09-12,0,0,0,0,
2025-09-08,maxim coffee,2025-09-12,0,0,0,0,
2025-09-07,lotte mart,2025-09-12,0,0,0,0,
2025-09-07,kyochon,2025-09-12,0,0,0,0,
2025-09-06,samlip,2025-09-12,0,0,0,0,
2025-09-06,red baron,2025-09-12,0,0,0,0,
2025-09-06,pulmuone,2025-09-12,0,0,0,0,
2025-09-06,pepero,2025-09-12,0,0,0,0,
2025-09-06,ottogi,2025-09-12,0,0,0,0,
2025-09-06,otoki,2025-09-12,0,0,0,0,
2025-09-06,samyang,2025-09-12,0,0,0,0,
2025-09-06,orion choco pie,2025-09-12,0,0,0,0,
2025-09-06,neoguri,2025-09-12,0,0,0,0,
2025-09-06,milkis,2025-09-12,0,0,0,0,
2025-09-06,melona,2025-09-12,0,0,0,0,
2025-09-06,maxim coffee,2025-09-12,0,0,0,0,
2025-09-06,lotte mart,2025-09-12,0,0,0,0,
2025-09-06,lotte choco pie,2025-09-12,0,0,0,0,
2025-09-06,nongshim,2025-09-12,0,0,0,0,
2025-09-07,lotte choco pie,2025-09-12,0,0,0,0,
2025-09-06,sempio,2025-09-12,0,0,0,0,
2025-09-06,toomba,2025-09-12,0,0,0,0,
2025-09-07,kooksoondang,2025-09-12,0,0,0,0,
2025-09-07,jinro,2025-09-12,0,0,0,0,
2025-09-07,jin ramen,2025-09-12,0,0,0,0,
2025-09-07,havmor,2025-09-12,0,0,0,0,
2025-09-07,emart,2025-09-12,0,0,0,0,
2025-09-07,dongwon tuna,2025-09-12,0,0,0,0,
2025-09-06,shin ramen,2025-09-12,0,0,0,0,
2025-09-07,daesang,2025-09-12,0,0,0,0,
2025-09-07,chapagetti,2025-09-12,0,0,0,0,
2025-09-07,buldak,2025-09-12,0,0,0,0,
2025-09-07,bristol farms,2025-09-12,0,0,0,0,
2025-09-07,binggrae,2025-09-12,0,0,0,0,
2025-09-07,bibigo,2025-09-12,0,0,0,0,
2025-09-06,turtle chips,2025-09-12,0,0,0,0,
2025-09-07,chilsung,2025-09-12,0,0,0,0,
2025-09-08,melona,2025-09-12,0,0,0,0,
2025-09-08,milkis,2025-09-12,0,0,0,0,
2025-09-08,neoguri,2025-09-12,0,0,0,0,
2025-09-10,chapagetti,2025-09-12,0,0,0,0,
2025-09-10,buldak,2025-09-12,0,0,0,0,
2025-09-10,bristol farms,2025-09-12,0,0,0,0,
2025-09-10,binggrae,2025-09-12,0,0,0,0,
2025-09-10,bibigo,2025-09-12,0,0,0,0,
2025-09-09,turtle chips,2025-09-12,1,240,0,0,Borahae Foodie
2025-09-10,chilsung,2025-09-12,0,0,0,0,
2025-09-09,toomba,2025-09-12,2,2483,55,0,Rochelle Cha;Shelflifestory
2025-09-09,sempio,2025-09-12,3,24390,881,183,Scopri i segreti dei personaggi famosi;IA DETECTIVE ITALIA;Spettegolando
2025-09-09,samyang,2025-09-12,60,354448,28950,355,Nor Ranita;Khaira Khafi Daily;Adi Dharma
2025-09-09,samlip,2025-09-12,0,0,0,0,
2025-09-09,red baron,2025-09-12,6,3593,57,26,Bloo's Self Reliance;petak gemstone pacitan;TRFxSeries
2025-09-09,pulmuone,2025-09-12,0,0,0,0,
2025-09-09,pepero,2025-09-12,9,44248,3454,185,El lado izquierdo EspaÃ±a;FELIXâ™¥ï¸ LOVES â™¥ï¸ STAYS;The Sujit vlogs58
2025-09-09,shin ramen,2025-09-12,12,55079,421,32,Rochelle Cha;Bubble Maan;annie antonio
2025-09-09,ottogi,2025-09-12,3,13655,1019,6,EIKEIKEAT;ryyeoo;Calliah Vlogs
2025-09-10,daesang,2025-09-12,0,0,0,0,
2025-09-10,emart,2025-09-12,0,0,0,0,
2025-09-10,otoki,2025-09-12,0,0,0,0,
2025-09-10,orion choco pie,2025-09-12,0,0,0,0,
2025-09-10,nongshim,2025-09-12,0,0,0,0,
2025-09-10,neoguri,2025-09-12,0,0,0,0,
2025-09-10,milkis,2025-09-12,0,0,0,0,
2025-09-10,melona,2025-09-12,0,0,0,0,
2025-09-10,dongwon tuna,2025-09-12,0,0,0,0,
2025-09-10,maxim coffee,2025-09-12,0,0,0,0,
2025-09-10,lotte choco pie,2025-09-12,0,0,0,0,
2025-09-10,kyochon,2025-09-12,0,0,0,0,
2025-09-10,kooksoondang,2025-09-12,0,0,0,0,
2025-09-10,jinro,2025-09-12,0,0,0,0,
2025-09-10,jin ramen,2025-09-12,0,0,0,0,
2025-09-10,havmor,2025-09-12,0,0,0,0,
2025-09-10,lotte mart,2025-09-12,0,0,0,0,
2025-09-09,otoki,2025-09-12,2,3886,35,0,Nogometna zveza Slovenije;Melissa's Leisures 
2025-09-09,orion choco pie,2025-09-12,3,5457,40,0,marim 012;smeh21vekacom;Stationery Stash Spot 
2025-09-09,nongshim,2025-09-12,10,110853,641,5,ë‹¬ë ¤ë¼ ë²„ìŠ¤ Dalida Bus;LCK Tiáº¿ng Viá»‡t;OndÅ™ej Kruml
2025-09-09,bibigo,2025-09-12,10,19651,1634,28,ì¡°ìœ¨í‚¹;ì‚¬ì™œì‚¬TV ;Chuck Chews
2025-09-08,turtle chips,2025-09-12,0,0,0,0,
2025-09-08,toomba,2025-09-12,0,0,0,0,
2025-09-08,shin ramen,2025-09-12,0,0,0,0,
2025-09-08,sempio,2025-09-12,0,0,0,0,
2025-09-08,samyang,2025-09-12,0,0,0,0,
2025-09-09,binggrae,2025-09-12,3,253262,6085,51,Jon's Snacking Time; OR è¯­éŸ³æ§åˆ¶å®¤;K FOOD FIGHTERS
2025-09-08,samlip,2025-09-12,0,0,0,0,
2025-09-08,pulmuone,2025-09-12,0,0,0,0,
2025-09-08,pepero,2025-09-12,0,0,0,0,
2025-09-08,ottogi,2025-09-12,0,0,0,0,
2025-09-08,otoki,2025-09-12,0,0,0,0,
2025-09-08,orion choco pie,2025-09-12,0,0,0,0,
2025-09-08,nongshim,2025-09-12,0,0,0,0,
2025-09-08,red baron,2025-09-12,0,0,0,0,
2025-09-09,bristol farms,2025-09-12,0,0,0,0,
2025-09-09,buldak,2025-09-12,175,1775246,53216,956,Jiny Maeng;Khawar Ashor;aimschia
2025-09-09,chapagetti,2025-09-12,3,3820,46,2,Onigiri 2407;Tasty Combos;GG AI ASMR SOUND
2025-09-09,neoguri,2025-09-12,1,1507,12,0,Orangemiya ì˜¤ë Œì§€ë¯¸ì•¼
2025-09-09,milkis,2025-09-12,3,8041,29,0,SahabatSelamanyaTV;gonniels 7881  ğŸ‡®ğŸ‡©;â˜†Milkis â˜†
2025-09-09,melona,2025-09-12,6,3047,40,6,Mukbangs Be Like;Jahnice Vlog;ĞĞ»ĞµĞºÑĞ°Ğ½Ğ´Ñ€ Ğ§ĞµÑ€Ğ½Ñ‹ÑˆĞµĞ²
2025-09-09,maxim coffee,2025-09-12,0,0,0,0,
2025-09-09,lotte mart,2025-09-12,8,4313,40,0,LOTTE MART Indonesia;Alsayda humairah;LOTTE MART Vietnam
2025-09-09,lotte choco pie,2025-09-12,10,42391,279,2,YUM YUM CHOCOLATE ;Nandhini Vlogs;Avinash Patel
2025-09-09,kyochon,2025-09-12,1,1550,26,0,Yongry
2025-09-09,kooksoondang,2025-09-12,1,4,1,0,Larin Gracie
2025-09-09,jinro,2025-09-12,1,1202,8,1,pen sophanny
2025-09-09,jin ramen,2025-09-12,6,14676,1051,10,EIKEIKEAT;ArcadeSenseiLive;YUM Eating Mukbang
2025-09-09,havmor,2025-09-12,3,1856,41,1,Smiley2023;Nilam ice dish Gola 1;Cravora
2025-09-09,emart,2025-09-12,5,1682,13,2,Nt Sen;Hyland_ BÃ© Hai nhÃ  phá»‘ HCM.;Buyer's Guide HQ
2025-09-09,dongwon tuna,2025-09-12,0,0,0,0,
2025-09-09,daesang,2025-09-12,2,23516,989,7,JONGSUKNEWSS;VALOR BANGPINK (AB)
2025-09-09,chilsung,2025-09-12,1,12,1,0,Hendra Novi
2025-09-06,kyochon,2025-09-12,0,0,0,0,
2025-09-10,pepero,2025-09-12,0,0,0,0,
2025-09-06,kooksoondang,2025-09-12,0,0,0,0,
2025-09-06,jin ramen,2025-09-12,0,0,0,0,
2025-09-09,lotte choco pie,2025-09-11,10,41311,274,2,YUM YUM CHOCOLATE ;Nandhini Vlogs;Avinash Patel
2025-09-09,kyochon,2025-09-11,1,1534,24,0,Yongry
2025-09-09,kooksoondang,2025-09-11,1,4,1,0,Larin Gracie
2025-09-09,jinro,2025-09-11,1,1201,8,1,pen sophanny
2025-09-09,jin ramen,2025-09-11,6,11719,889,9,EIKEIKEAT;ArcadeSenseiLive;YUM Eating Mukbang
2025-09-09,havmor,2025-09-11,3,1847,41,1,Smiley2023;Nilam ice dish Gola 1;Cravora
2025-09-09,lotte mart,2025-09-11,8,4173,37,0,LOTTE MART Indonesia;Alsayda humairah;Keluarga Wandira
2025-09-14,toomba,2025-09-14,4,443980,21611,457,Stoney Choi;80's Punjabi Songs;ê°•í˜œë¼TV
2025-09-09,daesang,2025-09-11,2,21278,903,7,JONGSUKNEWSS;VALOR BANGPINK (AB)
2025-09-09,chilsung,2025-09-11,1,11,1,0,Hendra Novi
2025-09-09,chapagetti,2025-09-11,3,3190,34,2,Onigiri 2407;Tasty Combos;GG AI ASMR SOUND
2025-09-09,buldak,2025-09-11,175,1326053,41609,771,Jiny Maeng;Khawar Ashor;aimschia
2025-09-09,bristol farms,2025-09-11,0,0,0,0,
2025-09-09,binggrae,2025-09-11,3,222051,5530,45,Jon's Snacking Time; OR è¯­éŸ³æ§åˆ¶å®¤;K FOOD FIGHTERS
2025-09-09,dongwon tuna,2025-09-11,0,0,0,0,
2025-09-09,bibigo,2025-09-11,10,17822,1231,27,ì¡°ìœ¨í‚¹;ì‚¬ì™œì‚¬TV ;Chuck Chews
2025-09-09,maxim coffee,2025-09-11,0,0,0,0,
2025-09-09,milkis,2025-09-11,3,6670,27,0,SahabatSelamanyaTV;gonniels 7881  ğŸ‡®ğŸ‡©;â˜†Milkis â˜†
2025-09-10,bibigo,2025-09-11,0,0,0,0,
2025-09-09,turtle chips,2025-09-11,1,241,0,0,Borahae Foodie
2025-09-09,toomba,2025-09-11,2,2397,54,0,Rochelle Cha;Shelflifestory
2025-09-09,shin ramen,2025-09-11,12,52227,399,31,Rochelle Cha;Bubble Maan;FloriaVibes
2025-09-09,sempio,2025-09-11,3,23323,832,179,Scopri i segreti dei personaggi famosi;IA DETECTIVE ITALIA;Spettegolando
2025-09-09,samyang,2025-09-11,60,307795,21746,343,Nor Ranita;Adi Dharma;Khaira Khafi Daily
2025-09-09,melona,2025-09-11,6,2999,37,6,Mukbangs Be Like;Jahnice Vlog;ĞĞ»ĞµĞºÑĞ°Ğ½Ğ´Ñ€ Ğ§ĞµÑ€Ğ½Ñ‹ÑˆĞµĞ²
2025-09-09,red baron,2025-09-11,6,3558,55,26,Bloo's Self Reliance;petak gemstone pacitan;TRFxSeries
2025-09-09,pepero,2025-09-11,9,43902,3439,186,El lado izquierdo EspaÃ±a;FELIXâ™¥ï¸ LOVES â™¥ï¸ STAYS;The Sujit vlogs58
2025-09-09,ottogi,2025-09-11,3,10806,859,6,EIKEIKEAT;ryyeoo;Calliah Vlogs
2025-09-09,otoki,2025-09-11,2,3850,35,0,Nogometna zveza Slovenije;Melissa's Leisures 
2025-09-09,orion choco pie,2025-09-11,3,5227,40,0,marim 012;smeh21vekacom;Stationery Stash Spot 
2025-09-09,nongshim,2025-09-11,10,68817,399,4,ë‹¬ë ¤ë¼ ë²„ìŠ¤ Dalida Bus;LCK Tiáº¿ng Viá»‡t;OndÅ™ej Kruml
2025-09-09,neoguri,2025-09-11,1,1451,11,0,Orangemiya ì˜¤ë Œì§€ë¯¸ì•¼
2025-09-09,pulmuone,2025-09-11,0,0,0,0,
2025-09-10,binggrae,2025-09-11,0,0,0,0,
2025-09-08,turtle chips,2025-09-11,0,0,0,0,
2025-09-08,shin ramen,2025-09-11,0,0,0,0,
2025-09-08,jin ramen,2025-09-11,0,0,0,0,
2025-09-08,havmor,2025-09-11,0,0,0,0,
2025-09-08,emart,2025-09-11,0,0,0,0,
2025-09-08,dongwon tuna,2025-09-11,0,0,0,0,
2025-09-08,daesang,2025-09-11,0,0,0,0,
2025-09-08,chilsung,2025-09-11,0,0,0,0,
2025-09-08,jinro,2025-09-11,0,0,0,0,
2025-09-08,chapagetti,2025-09-11,0,0,0,0,
2025-09-08,bristol farms,2025-09-11,0,0,0,0,
2025-09-08,binggrae,2025-09-11,0,0,0,0,
2025-09-08,bibigo,2025-09-11,0,0,0,0,
2025-09-07,turtle chips,2025-09-11,0,0,0,0,
2025-09-07,toomba,2025-09-11,0,0,0,0,
2025-09-07,shin ramen,2025-09-11,0,0,0,0,
2025-09-08,buldak,2025-09-11,0,0,0,0,
2025-09-08,toomba,2025-09-11,0,0,0,0,
2025-09-08,kooksoondang,2025-09-11,0,0,0,0,
2025-09-08,lotte choco pie,2025-09-11,0,0,0,0,
2025-09-08,sempio,2025-09-11,0,0,0,0,
2025-09-08,samyang,2025-09-11,0,0,0,0,
2025-09-08,red baron,2025-09-11,0,0,0,0,
2025-09-08,pulmuone,2025-09-11,0,0,0,0,
2025-09-08,pepero,2025-09-11,0,0,0,0,
2025-09-08,ottogi,2025-09-11,0,0,0,0,
2025-09-08,kyochon,2025-09-11,0,0,0,0,
2025-09-08,otoki,2025-09-11,0,0,0,0,
2025-09-08,nongshim,2025-09-11,0,0,0,0,
2025-09-08,neoguri,2025-09-11,0,0,0,0,
2025-09-08,milkis,2025-09-11,0,0,0,0,
2025-09-08,melona,2025-09-11,0,0,0,0,
2025-09-08,maxim coffee,2025-09-11,0,0,0,0,
2025-09-08,lotte mart,2025-09-11,0,0,0,0,
2025-09-08,orion choco pie,2025-09-11,0,0,0,0,
2025-09-10,bristol farms,2025-09-11,0,0,0,0,
2025-09-10,buldak,2025-09-11,0,0,0,0,
2025-09-10,chapagetti,2025-09-11,0,0,0,0,
2025-09-11,ottogi,2025-09-11,0,0,0,0,
2025-09-11,otoki,2025-09-11,3,3013,22,10,ë¼ë©´ì •ë³µìí”¼í‚¤(ë¼ë©´ í‰ë¡ ê°€ ì§€ì˜ì¤€);Instant Noodles Mukbang;Diffs studio.
2025-09-11,orion choco pie,2025-09-11,3,3539,36,1,It's nikki aarohi;Jane Sound Video ASMR..20;DailyDose with P-NUT-S
2025-09-11,nongshim,2025-09-11,14,13038,198,41,NS RedForce;ë‹¬ë ¤ë¼ ë²„ìŠ¤ Dalida Bus;BIG BUTTNAKED
2025-09-11,neoguri,2025-09-11,1,6,3,0,Instant Noodles Mukbang
2025-09-11,milkis,2025-09-11,1,482,0,0,Samraat Reviews
2025-09-11,pepero,2025-09-11,8,4695,72,12,æ™®é€šã®äºº normal person;Rialovev ğŸ’œ Entertainment;It'sYaGirl Ravenxus
2025-09-11,melona,2025-09-11,1,674,7,0,All category
2025-09-11,lotte mart,2025-09-11,10,6484,58,3,ë¡¯ë°ë§ˆíŠ¸;ë”°ë¼ì¡ì•„ê²½ì œ;Nisha YK
2025-09-11,lotte choco pie,2025-09-11,10,45757,60,2,Simran chocolate ğŸ«;YUM YUM CHOCOLATE ;Lemon Work
2025-09-11,kyochon,2025-09-11,0,0,0,0,
2025-09-11,kooksoondang,2025-09-11,0,0,0,0,
2025-09-11,jinro,2025-09-11,7,288,14,2,ANGGIA GIRA;Colors Craft Corner;TheUndergarmentAnimations
2025-09-11,jin ramen,2025-09-11,4,2835,21,6,GEORGETOWN1;K-Food Note;Its_ShrAstiğŸŒ
2025-09-11,maxim coffee,2025-09-11,1,24,3,0,Korea in egypt 
2025-09-11,havmor,2025-09-11,4,1428,26,2,Havmor Ice Cream;ITACHI UCHIHA 078;TRNDKB
2025-09-11,pulmuone,2025-09-11,1,1788,18,0,LÃ­n thÃ­ch reviu
2025-09-11,samyang,2025-09-11,52,118455,2864,76,Iwik RM30;MAMA GEZA;Faisal Hadi
2025-09-06,havmor,2025-09-12,0,0,0,0,
2025-09-06,emart,2025-09-12,0,0,0,0,
2025-09-06,dongwon tuna,2025-09-12,0,0,0,0,
2025-09-06,daesang,2025-09-12,0,0,0,0,
2025-09-06,chilsung,2025-09-12,0,0,0,0,
2025-09-06,chapagetti,2025-09-12,0,0,0,0,
2025-09-11,red baron,2025-09-11,12,4819,84,11,Jack Beatrici;shela gemstone;petak gemstone pacitan
2025-09-06,buldak,2025-09-12,0,0,0,0,
2025-09-06,binggrae,2025-09-12,0,0,0,0,
2025-09-06,bibigo,2025-09-12,0,0,0,0,
2025-09-11,turtle chips,2025-09-11,1,18,2,2,The Fochshole
2025-09-11,toomba,2025-09-11,3,4827,115,1,mary mochii;Gisasikdang;K-culture
2025-09-11,shin ramen,2025-09-11,15,59498,1190,16,Hungry Panda ğŸ¼;Mansi Gautam;Bubble Maan
2025-09-11,sempio,2025-09-11,3,26007,2304,660,Ragionevole dubbio;Storie & Cronaca;GOSSIP OGGI NEWS
2025-09-06,bristol farms,2025-09-12,0,0,0,0,
2025-09-11,emart,2025-09-11,13,3484,29,2,Há»®U Má»¸ Äá»–;Nancy Lee;E-MART
2025-09-11,dongwon tuna,2025-09-11,1,5123,0,64,ë™ì›F&B(Dongwon)
2025-09-11,daesang,2025-09-11,2,969,33,0,Justinseagulpaprika97;nitin vlogr
2025-09-10,milkis,2025-09-11,0,0,0,0,
2025-09-10,melona,2025-09-11,0,0,0,0,
2025-09-10,maxim coffee,2025-09-11,0,0,0,0,
2025-09-10,lotte mart,2025-09-11,0,0,0,0,
2025-09-10,lotte choco pie,2025-09-11,0,0,0,0,
2025-09-10,kyochon,2025-09-11,0,0,0,0,
2025-09-10,neoguri,2025-09-11,0,0,0,0,
2025-09-10,kooksoondang,2025-09-11,0,0,0,0,
2025-09-10,jin ramen,2025-09-11,0,0,0,0,
2025-09-10,havmor,2025-09-11,0,0,0,0,
2025-09-10,emart,2025-09-11,0,0,0,0,
2025-09-10,dongwon tuna,2025-09-11,0,0,0,0,
2025-09-10,daesang,2025-09-11,0,0,0,0,
2025-09-10,chilsung,2025-09-11,0,0,0,0,
2025-09-10,jinro,2025-09-11,0,0,0,0,
2025-09-10,nongshim,2025-09-11,0,0,0,0,
2025-09-10,orion choco pie,2025-09-11,0,0,0,0,
2025-09-10,otoki,2025-09-11,0,0,0,0,
2025-09-11,chilsung,2025-09-11,0,0,0,0,
2025-09-11,chapagetti,2025-09-11,2,1425,17,2,Yunkongìœ¤ì½©;Eat With Kitten Kitten Li
2025-09-11,buldak,2025-09-11,180,384038,12088,532,ë–µê°œë–µ;Curious2Know;Janie DeVours
2025-09-11,bristol farms,2025-09-11,1,386,5,0,Cat
2025-09-11,binggrae,2025-09-11,1,271,3,2,K FOOD FIGHTERS
2025-09-11,bibigo,2025-09-11,5,2699,157,1,ì‚¬ì™œì‚¬TV ;KRiSTiNAJAY;VÄƒn NhÃ¢n
2025-09-10,turtle chips,2025-09-11,0,0,0,0,
2025-09-10,toomba,2025-09-11,0,0,0,0,
2025-09-10,shin ramen,2025-09-11,0,0,0,0,
2025-09-10,sempio,2025-09-11,0,0,0,0,
2025-09-10,samyang,2025-09-11,0,0,0,0,
2025-09-10,red baron,2025-09-11,0,0,0,0,
2025-09-10,pulmuone,2025-09-11,0,0,0,0,
2025-09-10,pepero,2025-09-11,0,0,0,0,
2025-09-10,ottogi,2025-09-11,0,0,0,0,
2025-09-06,jinro,2025-09-12,0,0,0,0,
2025-09-14,turtle chips,2025-09-14,1,679,3,0,Marilyn Pou
